,freq,purchase,unit,geo\TIME_PERIOD,2005-Q1,2005-Q2,2005-Q3,2005-Q4,2006-Q1,2006-Q2,2006-Q3,2006-Q4,2007-Q1,2007-Q2,2007-Q3,2007-Q4,2008-Q1,2008-Q2,2008-Q3,2008-Q4,2009-Q1,2009-Q2,2009-Q3,2009-Q4,2010-Q1,2010-Q2,2010-Q3,2010-Q4,2011-Q1,2011-Q2,2011-Q3,2011-Q4,2012-Q1,2012-Q2,2012-Q3,2012-Q4,2013-Q1,2013-Q2,2013-Q3,2013-Q4,2014-Q1,2014-Q2,2014-Q3,2014-Q4,2015-Q1,2015-Q2,2015-Q3,2015-Q4,2016-Q1,2016-Q2,2016-Q3,2016-Q4,2017-Q1,2017-Q2,2017-Q3,2017-Q4,2018-Q1,2018-Q2,2018-Q3,2018-Q4,2019-Q1,2019-Q2,2019-Q3,2019-Q4,2020-Q1,2020-Q2,2020-Q3,2020-Q4,2021-Q1,2021-Q2,2021-Q3,2021-Q4,2022-Q1,2022-Q2,2022-Q3,2022-Q4,2023-Q1,2023-Q2,2023-Q3,2023-Q4,2024-Q1,2024-Q2,2024-Q3,2024-Q4,2025-Q1,2025-Q2,2025-Q3,2025-Q4
0,Q,DW_EXST,I10_Q,AT,,,,,,,,,,,,,,,,,,,,,96.33,99.89,101.64,102.14,101.66,105.33,107.17,107.54,109.34,109.49,113.65,114.17,113.83,118.88,118.83,117.35,118.97,121.96,122.42,122.98,127.58,128.64,129.77,128.52,132.28,136.25,137.86,138.7,141.39,144.66,146.4,145.47,149.28,153.52,155.14,156.35,157.57,162.75,164.81,166.14,170.18,172.92,179.23,178.87,188.14,196.71,201.73,206.42,216.52,223.26,227.52,217.81,215.58,214.13,212.07,207.28,204.23,211.26,211.55,208.51,211.31,214.04,214.81,216.49
1,Q,DW_EXST,I10_Q,BE,72.31,74.46,78.01,79.97,81.55,83.9,86.99,87.7,89.8,91.91,94.06,94.7,95.55,96.83,98.87,97.69,96.45,95.7,98.48,97.78,98.12,99.01,101.64,101.24,101.9,102.7,104.95,104.47,105.31,105.48,106.91,106.55,106.63,106.75,108.27,106.74,106.43,106.39,107.64,108.03,106.68,107.64,109.87,109.47,108.65,109.63,112.07,112.48,112.83,113.09,116.4,115.51,116.49,117.09,119.05,119.19,120.32,121.26,124.43,124.49,124.38,126.27,129.39,131.28,132.55,135.57,138.8,139.18,141.12,143.09,146.87,145.4,146.72,146.18,147.84,149.38,149.82,149.77,152.6,153.07,155.22,155.43,158.59,159.0
2,Q,DW_EXST,I10_Q,BG,72.66,75.77,77.96,79.84,83.62,84.99,88.87,93.77,102.51,108.0,116.08,126.25,134.87,142.79,147.14,141.04,123.54,111.53,105.98,103.93,101.54,100.76,99.58,98.13,95.83,94.31,93.51,92.09,91.71,91.86,91.41,90.78,89.92,89.87,89.74,89.68,89.88,90.18,90.12,90.72,92.04,92.18,90.95,94.0,95.52,99.08,99.44,102.23,103.88,108.19,110.26,112.45,113.92,116.48,116.66,118.35,119.61,120.87,123.04,124.18,127.1,125.92,130.69,133.16,137.22,138.73,142.24,146.41,155.46,160.96,167.01,169.23,174.59,179.37,182.01,185.8,199.15,205.93,212.0,218.21,231.48,238.9,250.61,250.88
3,Q,DW_EXST,I10_Q,CY,,,,,,,,,,,,,,,,,,,,,99.21,97.54,100.41,102.85,99.01,103.36,103.26,100.81,97.25,96.47,96.66,97.83,89.95,92.13,93.43,95.7,93.81,91.13,95.8,92.97,91.35,92.08,92.7,91.6,89.94,91.31,92.4,92.93,92.05,91.39,91.53,91.49,92.22,89.12,89.57,90.14,89.64,92.68,91.54,92.93,94.13,94.01,93.34,95.08,94.28,94.03,96.66,96.29,97.43,98.99,101.8,102.43,103.97,106.37,109.55,110.71,114.57,114.44,116.65,115.21,122.38,124.97,124.65,123.71
4,Q,DW_EXST,I10_Q,CZ,,,,,,,,,,,,,102.8,107.1,109.0,108.1,105.0,101.2,100.2,99.8,100.0,100.0,99.9,100.1,100.4,100.8,100.4,99.5,99.0,99.1,99.0,98.7,98.7,99.1,99.0,98.8,100.0,101.0,101.8,102.6,103.6,104.6,106.0,107.2,108.6,110.8,113.7,119.1,122.4,125.3,127.4,128.8,131.4,134.8,138.0,140.8,143.8,147.3,150.5,153.8,156.3,158.6,162.7,167.2,177.7,186.8,199.0,210.5,218.7,227.4,230.3,225.4,222.2,220.7,221.6,222.4,225.0,230.3,235.2,240.5,245.9,252.1,258.4,264.6
5,Q,DW_EXST,I10_Q,DE,102.1,100.4,102.6,99.4,100.9,101.8,99.9,100.7,97.0,98.5,98.2,98.3,99.9,100.1,98.0,98.4,97.9,99.7,98.9,100.4,99.0,100.8,100.5,99.7,102.7,103.7,102.9,103.9,104.7,106.1,107.7,109.2,108.9,111.1,111.0,111.2,112.1,114.3,114.7,114.6,116.6,119.3,119.6,121.2,123.7,127.6,129.9,131.8,132.6,135.3,137.5,140.4,141.4,144.3,147.2,149.5,149.6,153.8,155.9,159.4,161.2,163.9,169.3,173.9,177.2,184.0,192.1,197.2,199.8,203.6,201.6,190.9,184.9,182.4,178.8,175.0,174.2,176.7,177.7,178.2,180.0,182.3,183.9,183.6
6,Q,DW_EXST,I10_Q,DK,83.6,87.95,94.69,100.92,108.12,114.68,116.89,115.69,116.09,117.41,117.48,115.03,113.79,114.59,111.49,102.59,96.01,97.03,97.95,97.59,98.26,100.39,101.22,100.14,99.08,101.27,97.73,94.25,94.23,95.64,95.87,95.36,96.43,99.75,99.9,98.48,99.85,103.67,103.15,102.56,103.31,109.55,112.23,112.41,108.62,114.02,117.8,117.15,115.19,120.12,122.93,122.15,122.14,126.84,127.11,125.57,125.72,128.57,129.98,128.62,129.48,132.26,135.43,138.0,141.35,149.31,153.26,153.49,155.0,157.72,158.16,154.38,147.9,148.49,151.14,153.55,149.57,154.28,159.05,159.38,162.84,165.62,169.18,171.53
7,Q,DW_EXST,I10_Q,EA,,,,,,,,,,,,,,,,,,,,99.02,98.74,100.12,100.71,100.43,100.87,101.95,101.72,100.89,100.11,99.82,99.62,99.05,97.27,97.79,97.81,97.24,97.04,97.99,98.34,97.67,97.62,99.17,99.94,100.06,101.0,102.73,104.37,104.86,105.63,107.3,109.07,109.83,110.77,112.59,114.35,115.11,115.51,117.65,119.3,120.16,121.6,123.68,125.3,126.98,129.0,132.81,137.23,139.66,142.28,145.17,146.48,143.16,141.56,141.6,141.59,140.1,140.15,142.7,144.9,145.55,147.65,150.27,152.53,153.31
8,Q,DW_EXST,I10_Q,EA19,,,,,,,,,,,,,,,,,,,,99.04,98.73,100.12,100.71,100.44,100.92,101.98,101.76,100.93,100.14,99.86,99.67,99.1,97.34,97.9,97.91,97.36,97.17,98.14,98.5,97.81,97.77,99.32,100.09,100.21,101.15,102.89,104.53,105.02,105.79,107.46,109.23,110.0,110.94,112.76,114.52,115.28,115.68,117.83,119.48,120.34,121.78,123.87,125.49,127.17,129.19,133.01,137.44,139.87,142.49,145.38,146.7,143.37,141.73,141.73,141.72,140.15,140.19,142.71,144.89,145.53,147.6,150.18,152.41,153.16
9,Q,DW_EXST,I10_Q,EA20,,,,,,,,,,,,,,,,,,,,99.06,98.74,100.12,100.7,100.44,100.91,101.97,101.74,100.92,100.14,99.85,99.65,99.07,97.32,97.87,97.88,97.33,97.15,98.11,98.45,97.77,97.73,99.26,100.03,100.15,101.1,102.82,104.46,104.94,105.71,107.39,109.15,109.94,110.89,112.69,114.46,115.22,115.65,117.81,119.45,120.33,121.8,123.89,125.48,127.18,129.19,133.02,137.43,139.87,142.52,145.44,146.77,143.54,141.94,141.98,141.96,140.47,140.53,143.08,145.28,145.93,148.04,150.67,152.93,153.72
10,Q,DW_EXST,I10_Q,EA21,,,,,,,,,,,,,,,,,,,,99.11,98.77,100.13,100.69,100.42,100.86,101.89,101.66,100.82,100.04,99.76,99.56,98.98,97.24,97.78,97.79,97.25,97.06,98.02,98.36,97.69,97.66,99.18,99.93,100.07,101.03,102.76,104.39,104.89,105.66,107.36,109.13,109.92,110.88,112.68,114.44,115.21,115.65,117.8,119.44,120.33,121.8,123.86,125.49,127.19,129.22,133.02,137.43,139.88,142.57,145.51,146.88,143.69,142.14,142.21,142.22,140.76,140.91,143.49,145.72,146.41,148.58,151.24,153.56,154.34
11,Q,DW_EXST,I10_Q,EE,83.55,93.94,101.36,115.92,134.25,155.09,162.9,172.67,173.72,183.68,178.31,172.52,166.15,168.78,159.61,136.91,107.24,96.71,90.04,93.14,99.47,99.39,100.82,100.31,107.96,109.92,107.54,108.4,111.08,113.1,117.15,117.44,119.27,127.22,131.17,133.19,137.48,143.6,142.98,142.9,143.0,152.68,148.36,150.76,151.76,155.67,155.12,158.18,161.08,164.34,164.69,167.46,164.68,168.84,172.94,177.74,176.55,179.69,183.85,190.09,196.16,180.17,185.56,193.63,205.73,215.64,224.65,238.99,260.83,280.63,287.35,281.26,269.47,283.97,287.82,286.85,297.56,305.1,300.44,299.54,310.88,322.74,318.66,319.05
12,Q,DW_EXST,I10_Q,ES,,,,99.26,103.43,108.84,111.93,114.5,116.83,120.02,120.32,117.27,116.07,114.13,109.98,104.68,101.52,101.38,100.91,101.03,100.11,101.37,99.13,99.39,93.84,92.98,89.61,85.78,81.4,78.37,74.94,73.73,68.95,68.88,68.95,68.04,67.76,69.04,69.05,69.22,68.51,71.69,72.18,71.97,72.87,73.91,74.67,75.16,76.72,78.18,79.66,80.54,81.57,83.66,85.51,85.74,86.7,87.92,89.3,88.68,89.07,89.51,90.02,89.08,89.73,92.14,93.89,94.8,97.08,99.35,101.22,99.84,100.07,102.25,104.57,103.55,105.83,109.77,112.88,115.12,118.86,123.9,128.0,130.28
13,Q,DW_EXST,I10_Q,EU,,,,,,,,,,,,,,,,,,,,99.09,98.84,100.21,100.82,100.14,100.02,100.92,100.64,99.54,98.88,98.93,98.86,98.15,96.95,97.77,98.19,97.85,98.09,99.53,100.41,100.07,100.27,102.06,103.38,103.82,104.82,106.79,108.65,109.2,110.04,112.11,113.99,114.58,115.44,117.43,119.32,119.97,120.36,122.54,124.4,125.26,127.16,129.2,130.98,132.72,135.34,139.56,144.11,146.93,150.08,153.34,154.49,151.37,149.83,150.04,150.54,149.49,150.16,152.98,155.32,156.35,158.91,161.49,164.13,165.28
14,Q,DW_EXST,I10_Q,EU27_2020,,,,,,,,,,,,,,,,,,,,99.32,98.92,100.19,100.61,100.28,100.53,101.44,100.87,99.83,99.23,98.97,98.64,98.02,96.69,97.3,97.34,96.86,96.91,97.94,98.34,97.92,98.22,99.89,100.79,101.08,102.05,103.92,105.64,106.33,107.25,109.19,110.9,111.6,112.67,114.68,116.44,117.27,118.01,120.32,122.13,123.13,125.0,127.0,128.75,130.46,133.04,137.18,141.66,144.43,147.52,150.73,151.86,148.79,147.28,147.49,147.98,146.95,147.6,150.38,152.68,153.69,156.2,158.75,161.34,162.47
15,Q,DW_EXST,I10_Q,EU28,,,,,,,,,,,,,,,,,,,,99.1,98.84,100.21,100.81,100.13,100.02,100.91,100.64,99.54,98.88,98.93,98.85,98.14,96.94,97.76,98.17,97.83,98.07,99.51,100.4,100.06,100.25,102.04,103.37,103.8,104.81,106.77,108.63,109.19,110.02,112.09,113.97,114.56,115.42,117.41,119.3,119.95,120.34,122.52,124.38,125.24,,,,,,,,,,,,,,,,,,,,,,,,
16,Q,DW_EXST,I10_Q,FI,,,,,,,,,,,,,,,,,88.55,91.16,93.0,95.74,98.38,100.19,100.83,100.6,102.19,103.89,102.93,101.55,103.33,104.24,103.9,103.98,104.5,105.19,104.67,104.06,103.78,104.27,103.76,102.68,102.76,103.6,103.49,102.79,103.43,104.79,104.91,104.06,104.27,105.91,105.08,104.62,105.1,106.51,105.67,105.47,105.46,107.1,105.95,104.8,105.88,107.14,107.76,108.3,109.95,112.79,112.5,112.5,112.64,114.62,112.68,108.93,105.43,105.22,102.77,101.9,100.13,101.12,100.95,99.44,97.84,99.52,96.71,95.59
17,Q,DW_EXST,I10_Q,FR,79.92,83.41,87.62,89.22,91.34,94.19,97.44,98.16,98.85,100.59,103.02,103.77,103.07,103.09,103.62,99.84,95.49,93.76,95.53,95.71,96.61,98.62,101.8,102.97,103.39,105.59,108.05,106.76,105.3,105.34,106.28,104.57,103.21,103.01,103.8,102.58,101.28,101.6,102.29,99.97,98.82,98.88,100.42,99.54,99.09,99.5,101.73,101.03,101.54,102.56,105.06,104.32,104.55,105.5,108.14,107.71,107.7,108.8,111.56,111.75,113.01,114.98,117.4,118.92,119.69,121.72,126.08,127.41,128.5,130.53,134.28,133.25,131.94,131.2,131.87,128.01,125.04,124.71,126.75,125.25,125.41,125.36,127.53,126.61
18,Q,DW_EXST,I10_Q,HR,,,,,,,,,,,,,112.65,112.84,114.84,112.65,110.65,105.4,103.03,102.99,100.52,100.69,99.52,99.27,98.55,98.86,99.47,99.18,98.58,97.1,96.7,93.65,92.37,92.82,92.7,91.76,91.72,92.5,90.74,90.01,90.96,89.35,89.38,90.11,91.5,91.06,92.02,91.72,92.21,95.51,95.93,99.36,100.38,100.27,103.16,104.35,107.51,111.0,111.45,115.21,118.84,120.74,119.95,123.64,124.32,128.63,130.93,134.0,139.9,145.73,149.94,157.37,160.85,166.03,165.86,173.71,176.14,183.61,188.25,190.92,198.49,208.85,214.97,222.24
19,Q,DW_EXST,I10_Q,HU,,,,,,,,,100.91,103.42,108.25,109.4,107.41,108.71,109.14,106.73,105.96,102.48,101.21,98.16,101.23,100.37,100.13,98.27,97.94,97.16,95.88,95.32,96.27,92.8,91.84,90.01,90.29,90.43,90.57,89.28,91.04,92.87,94.72,97.01,99.42,105.0,109.61,111.49,116.5,119.21,122.78,124.63,129.99,133.26,137.3,139.97,147.09,151.34,157.79,162.05,175.93,181.91,184.7,183.39,189.59,184.32,191.92,188.55,206.29,214.86,223.21,231.16,253.87,268.97,278.16,271.17,282.3,282.22,284.05,287.07,312.74,318.51,321.79,334.26,368.29,364.9,394.46,413.34
20,Q,DW_EXST,I10_Q,IE,,,,,,,,,,,,,,,,,,,,,105.0,101.46,98.89,94.65,90.11,85.2,80.09,75.8,72.14,70.28,71.48,72.41,70.63,70.75,75.0,77.37,78.73,83.3,90.05,92.81,92.56,94.35,97.14,98.47,98.74,100.02,104.72,107.54,108.87,111.55,118.09,121.34,122.99,125.69,128.47,129.29,127.68,128.11,130.12,129.63,128.25,127.81,128.05,129.97,132.32,136.33,144.68,151.46,155.73,158.44,162.94,163.89,161.34,159.41,161.46,166.34,170.55,173.38,179.13,183.93,186.03,188.6,193.57,197.41
21,Q,DW_EXST,I10_Q,IT,,,,,,,,,,,,,,,,,,,,,99.0,100.2,100.8,100.1,99.4,101.7,101.0,99.6,98.7,97.3,95.0,92.1,88.9,88.6,86.9,85.6,84.4,83.4,82.2,80.6,78.8,79.0,79.2,78.6,78.6,79.3,79.4,78.6,78.2,78.5,78.1,77.4,77.4,77.8,77.1,76.8,76.3,77.6,77.2,76.8,77.8,80.3,77.7,77.9,78.7,80.3,80.9,80.8,82.2,83.4,83.2,82.7,82.5,84.0,83.6,82.9,83.1,85.4,85.8,85.8,87.2,89.3,89.5,90.2
22,Q,DW_EXST,I10_Q,LT,,,,,100.14,101.33,109.93,120.92,132.93,141.6,151.0,152.63,153.75,158.24,156.15,140.33,111.12,103.44,102.3,101.25,97.15,100.86,100.15,101.84,105.79,105.39,105.96,106.55,104.64,104.62,103.61,103.16,104.38,106.93,105.33,108.45,110.16,114.18,116.38,113.38,113.51,117.94,119.56,118.31,119.51,123.89,126.91,129.36,131.22,135.28,137.89,138.05,141.48,145.26,146.43,147.74,151.8,155.3,157.05,157.68,162.57,167.0,167.28,172.97,183.36,190.45,200.33,210.41,220.06,232.09,238.03,237.86,240.77,246.8,249.72,254.21,261.86,269.54,274.36,280.53,287.51,295.86,305.68,313.04
23,Q,DW_EXST,I10_Q,LU,,,,,,,,,94.89,94.99,99.04,97.06,96.06,99.14,99.01,97.57,93.37,95.0,93.47,95.91,100.07,98.67,99.34,101.92,102.33,105.15,103.01,108.77,106.86,108.61,108.55,111.76,111.08,112.61,112.86,113.72,115.92,118.43,118.91,120.09,120.82,123.2,124.35,123.66,126.52,128.89,132.88,134.3,135.54,138.92,138.57,139.29,144.32,147.01,149.35,154.6,157.72,163.74,168.46,170.0,176.52,185.08,194.78,200.47,209.06,211.85,222.62,226.42,232.32,238.99,240.21,235.36,226.76,217.82,201.56,195.75,196.36,196.4,197.7,200.46,198.8,206.29,198.57,199.77
24,Q,DW_EXST,I10_Q,LV,,,,,110.33,123.41,137.1,150.83,169.16,177.74,189.54,183.28,198.84,193.78,180.8,150.47,124.34,114.09,109.46,108.09,98.67,98.34,101.25,101.74,107.32,107.2,106.87,102.73,103.57,106.62,107.16,109.83,110.5,116.29,115.04,117.14,120.25,121.61,125.84,115.54,114.04,118.8,119.27,120.75,122.2,128.41,130.66,131.81,133.85,142.06,141.1,141.75,148.31,154.52,153.84,159.16,160.31,167.14,171.2,171.99,171.98,166.86,174.54,174.16,179.47,193.17,201.2,210.13,217.0,225.88,229.38,222.86,223.42,232.19,228.95,217.44,226.07,226.53,236.02,235.26,237.59,244.59,257.01,262.98
25,Q,DW_EXST,I10_Q,MT,,,,,,,,,,,,,107.5,100.05,116.83,121.32,111.87,102.26,107.61,93.0,97.17,104.72,103.91,94.2,97.26,102.3,103.62,97.34,101.78,97.74,111.68,103.44,104.83,100.19,112.81,113.0,109.86,110.01,108.54,115.27,106.94,113.22,119.75,125.78,115.29,122.19,127.54,132.25,123.62,131.41,132.24,137.01,131.42,128.76,143.63,143.75,137.09,140.08,145.17,152.85,147.74,152.39,154.48,158.14,149.6,155.86,158.77,161.84,163.44,165.23,166.72,167.56,172.39,176.03,178.65,180.88,184.85,188.67,191.38,193.78,197.69,201.23,204.06,205.31
26,Q,DW_EXST,I10_Q,NL,92.86,93.88,95.15,95.66,97.07,98.21,99.49,100.0,101.02,102.3,103.83,104.21,105.48,105.61,106.76,105.87,105.23,102.55,101.15,100.38,100.13,100.26,100.38,99.23,98.72,98.21,97.58,95.79,94.64,92.86,89.16,88.52,86.48,84.69,85.08,84.82,85.2,85.84,86.61,86.61,87.3,88.01,89.39,90.01,91.15,92.38,94.79,95.93,97.88,99.89,102.53,104.28,106.89,109.07,112.1,113.82,115.7,117.14,119.23,120.91,123.59,126.16,129.01,131.5,136.18,142.36,151.39,157.14,163.54,168.16,168.93,164.53,161.8,159.11,161.25,164.05,167.94,172.79,179.11,182.85,186.19,189.63,193.08,194.11
27,Q,DW_EXST,I10_Q,NO,,,,,,,,,,,,,,,,,,,,,97.58,101.16,100.66,100.59,105.75,108.68,109.04,108.61,112.4,115.71,117.22,116.69,120.27,122.67,120.92,117.25,119.91,124.21,125.03,124.89,130.04,133.51,133.65,131.69,136.48,142.07,146.36,147.63,153.4,154.35,149.94,147.09,150.1,155.54,154.52,151.43,155.27,158.99,158.35,155.58,158.84,163.34,166.53,168.02,176.99,183.17,182.72,180.12,189.1,194.71,192.56,185.05,189.44,195.92,190.95,185.43,192.32,199.69,197.91,195.16,206.34,209.31,208.2,206.25
28,Q,DW_EXST,I10_Q,PL,,,,,,,,,,,,,,,,,,,,,98.84,100.92,100.61,99.63,99.83,100.92,99.41,98.19,96.27,95.61,93.99,92.3,90.39,90.68,91.44,91.57,91.56,92.88,92.32,92.08,92.01,93.2,93.27,92.78,92.48,94.8,96.54,96.9,96.81,99.27,100.25,101.4,103.04,106.02,108.27,110.23,112.63,116.0,120.07,123.41,129.69,133.83,136.47,137.15,139.77,144.87,148.43,153.9,159.06,164.71,165.58,166.74,166.23,171.47,180.13,186.05,193.43,198.95,201.67,204.25,205.37,206.96,208.63,210.62
29,Q,DW_EXST,I10_Q,PT,,,,,,,,,,,,,101.21,101.8,100.48,98.16,97.59,99.11,99.65,100.45,100.79,101.07,99.85,98.29,97.24,94.93,92.54,88.8,87.55,86.17,84.82,85.75,82.81,83.53,83.99,86.31,86.74,88.18,87.59,88.72,88.55,91.18,92.16,93.23,95.53,98.89,100.57,101.81,104.37,107.74,112.11,113.85,117.92,121.31,122.42,124.69,129.7,132.53,135.67,138.27,143.65,146.31,145.54,149.38,153.72,158.14,162.22,167.21,174.59,181.34,186.05,188.39,191.44,197.63,201.15,203.73,205.98,214.07,222.3,228.95,240.99,253.26,264.72,276.8
30,Q,DW_EXST,I10_Q,RO,,,,,,,,,,,,,,,,,111.05,106.26,105.52,110.49,103.33,102.04,98.71,95.91,91.37,90.21,83.49,79.79,82.6,82.1,78.89,78.9,82.2,81.76,79.82,79.35,79.88,78.74,78.1,79.44,82.52,81.64,80.62,82.12,84.57,87.02,86.73,88.21,90.33,94.07,93.07,94.31,96.39,99.57,98.57,99.3,99.72,101.55,102.94,104.52,108.34,108.55,105.64,106.37,109.94,111.97,112.99,115.49,117.06,119.39,117.12,119.95,118.87,117.03,119.79,120.54,121.45,122.02,122.6,126.27,128.98,129.83,132.43,135.2
31,Q,DW_EXST,I10_Q,SE,64.26,66.87,70.15,72.39,75.14,77.87,80.11,80.38,84.01,89.69,93.15,89.69,90.0,92.1,91.2,84.87,87.03,90.5,93.46,95.98,97.97,99.16,100.45,102.43,103.16,102.65,102.23,99.44,100.88,102.62,103.86,103.72,105.67,108.61,110.77,112.41,115.94,118.9,123.36,125.79,131.81,136.72,142.4,145.29,147.28,148.75,152.54,155.14,159.53,162.48,164.22,157.78,155.61,156.25,157.21,155.96,155.64,158.49,161.22,162.01,164.78,164.64,169.88,174.61,180.36,188.13,193.12,195.01,199.1,199.08,191.01,181.57,180.29,181.36,181.18,176.93,179.04,182.34,183.96,183.58,185.42,185.22,185.3,185.03
32,Q,DW_EXST,I10_Q,SI,,,,,,,,,97.61,100.38,102.47,104.43,106.48,106.07,108.72,102.92,99.57,96.62,96.43,99.23,101.68,100.12,99.4,98.79,102.45,101.52,100.57,98.12,95.71,97.98,94.35,92.16,91.52,92.1,89.0,87.5,84.77,84.03,83.07,83.31,84.58,86.12,83.69,82.67,85.43,87.31,88.1,88.93,90.88,93.99,94.81,97.46,98.25,101.21,103.8,107.37,107.98,109.63,113.05,112.78,114.07,115.66,116.31,118.6,122.0,127.74,131.23,137.26,144.39,148.6,151.69,153.68,157.54,160.41,160.13,163.85,168.34,170.24,173.52,177.43,176.39,181.08,182.53,189.71
33,Q,DW_EXST,I10_Q,SK,,,,,,,,,,,,,,,,,,,,,100.47,100.25,99.55,99.73,100.1,99.91,99.06,97.03,97.82,97.92,98.0,96.17,98.64,98.98,98.51,98.78,98.64,99.82,100.14,101.55,104.69,106.49,106.75,107.86,109.86,112.86,115.06,117.62,113.65,120.63,122.34,123.56,126.57,129.45,129.81,133.45,136.76,142.78,145.59,151.14,157.79,158.52,157.96,162.88,160.17,170.02,174.46,180.05,180.83,191.66,199.84,195.32,196.76,188.58,190.87,194.5,191.33,196.85,203.43,210.85,214.97,219.33,231.38,239.11
34,Q,DW_EXST,I10_Q,TR,,,,,,,,,,,,,,,,,,,,,97.47,99.47,100.85,102.21,105.33,108.36,109.25,111.45,115.65,119.71,122.27,123.65,128.32,132.66,136.18,139.14,142.93,148.52,153.82,158.28,164.97,173.24,177.99,183.78,188.52,195.49,200.1,204.58,211.18,218.57,220.56,225.3,229.52,237.57,239.16,240.06,237.57,241.56,248.67,257.63,273.11,288.48,318.93,336.48,357.42,383.04,417.69,492.85,671.94,1004.81,1169.06,1339.12,1634.77,1892.45,2252.36,2486.27,2662.61,2820.0,2994.63,3186.18,,,,
35,Q,DW_EXST,I10_Q,UK,87.98,90.53,92.8,92.86,93.55,97.14,100.37,102.28,103.78,107.73,110.86,110.81,107.52,106.86,102.88,96.05,90.83,92.21,95.99,97.99,98.46,100.32,101.79,99.42,97.37,98.17,99.45,98.03,97.02,98.81,100.11,98.86,98.38,100.31,102.84,103.25,104.63,108.39,112.07,112.18,111.74,114.28,118.09,119.41,120.62,123.1,125.81,125.56,125.74,128.64,131.59,131.47,130.85,132.68,135.35,134.72,132.81,133.99,136.15,136.04,135.41,135.61,139.81,,,,,,,,,,,,,,,,,,,,,
36,Q,DW_EXST,I15_Q,AT,,,,,,,,,,,,,,,,,,,,,74.89,77.66,79.02,79.41,79.04,81.89,83.32,83.61,85.0,85.12,88.35,88.76,88.5,92.42,92.38,91.24,92.5,94.82,95.17,95.61,99.18,100.01,100.89,99.92,102.84,105.93,107.18,107.83,109.92,112.46,113.82,113.1,116.06,119.35,120.61,121.56,122.5,126.53,128.13,129.17,132.31,134.44,139.34,139.06,146.27,152.93,156.84,160.48,168.33,173.57,176.88,169.33,167.6,166.47,164.87,161.15,158.78,164.24,164.47,162.1,164.28,166.4,167.0,168.31
37,Q,DW_EXST,I15_Q,BE,66.7,68.68,71.96,73.77,75.22,77.39,80.24,80.89,82.83,84.78,86.76,87.35,88.13,89.32,91.2,90.11,88.97,88.27,90.83,90.19,90.5,91.32,93.75,93.38,93.99,94.73,96.81,96.36,97.13,97.29,98.61,98.28,98.35,98.46,99.87,98.45,98.17,98.13,99.29,99.64,98.4,99.29,101.34,100.98,100.22,101.12,103.37,103.75,104.07,104.31,107.37,106.55,107.45,108.0,109.81,109.94,110.98,111.85,114.77,114.82,114.73,116.47,119.35,121.09,122.26,125.05,128.02,128.38,130.16,131.98,135.47,134.11,135.33,134.83,136.37,137.78,138.19,138.14,140.75,141.18,143.17,143.36,146.28,146.66
38,Q,DW_EXST,I15_Q,BG,78.73,82.1,84.47,86.51,90.6,92.09,96.29,101.6,111.07,117.02,125.77,136.79,146.13,154.71,159.43,152.82,133.85,120.84,114.82,112.61,110.01,109.18,107.89,106.32,103.84,102.18,101.32,99.77,99.37,99.53,99.05,98.36,97.43,97.37,97.23,97.17,97.39,97.71,97.65,98.3,99.73,99.88,98.55,101.85,103.5,107.35,107.75,110.77,112.55,117.23,119.47,121.84,123.43,126.21,126.41,128.24,129.6,130.96,133.31,134.55,137.72,136.43,141.6,144.28,148.67,150.31,154.12,158.64,168.44,174.41,180.95,183.36,189.17,194.34,197.21,201.32,215.78,223.12,229.71,236.43,250.81,258.85,271.54,271.83
39,Q,DW_EXST,I15_Q,CY,,,,,,,,,,,,,,,,,,,,,107.92,106.1,109.22,111.87,107.7,112.43,112.32,109.66,105.78,104.94,105.15,106.42,97.84,100.22,101.63,104.1,102.04,99.12,104.21,101.13,99.36,100.16,100.84,99.64,97.84,99.32,100.51,101.08,100.13,99.41,99.56,99.52,100.31,96.95,97.43,98.05,97.51,100.82,99.58,101.08,102.39,102.26,101.53,103.42,102.55,102.29,105.14,104.74,105.98,107.68,110.73,111.42,113.1,115.71,119.16,120.42,124.63,124.48,126.88,125.32,133.12,135.94,135.6,134.56
40,Q,DW_EXST,I15_Q,CZ,,,,,,,,,,,,,97.6,101.7,103.4,102.6,99.7,96.1,95.1,94.8,94.9,94.9,94.8,95.0,95.2,95.7,95.3,94.4,94.0,94.1,94.0,93.6,93.6,94.1,94.0,93.8,94.9,95.8,96.6,97.4,98.4,99.3,100.6,101.7,103.1,105.1,107.9,113.0,116.2,118.9,120.9,122.2,124.7,127.9,130.9,133.6,136.5,139.8,142.8,146.0,148.4,150.6,154.4,158.6,168.6,177.2,188.9,199.7,207.6,215.8,218.5,214.0,210.9,209.5,210.3,211.0,213.5,218.6,223.2,228.2,233.4,239.2,245.3,251.1
41,Q,DW_EXST,I15_Q,DE,85.7,84.2,86.1,83.4,84.7,85.4,83.8,84.5,81.4,82.6,82.4,82.5,83.8,84.0,82.2,82.6,82.1,83.6,83.0,84.2,83.1,84.6,84.3,83.6,86.2,87.0,86.3,87.2,87.8,89.0,90.4,91.6,91.4,93.2,93.1,93.3,94.0,95.9,96.3,96.1,97.8,100.1,100.4,101.7,103.8,107.0,109.0,110.5,111.2,113.5,115.3,117.8,118.6,121.1,123.5,125.4,125.5,129.0,130.8,133.7,135.3,137.5,142.0,145.9,148.7,154.4,161.2,165.5,167.6,170.8,169.2,160.2,155.1,153.0,150.0,146.9,146.2,148.2,149.0,149.5,151.0,153.0,154.3,154.0
42,Q,DW_EXST,I15_Q,DK,76.44,80.41,86.58,92.27,98.85,104.85,106.87,105.77,106.14,107.35,107.41,105.18,104.04,104.77,101.94,93.8,87.78,88.71,89.55,89.22,89.84,91.78,92.55,91.55,90.59,92.59,89.36,86.18,86.15,87.44,87.65,87.18,88.17,91.2,91.34,90.04,91.29,94.78,94.31,93.77,94.46,100.16,102.61,102.77,99.31,104.25,107.7,107.11,105.32,109.83,112.39,111.68,111.67,115.97,116.22,114.81,114.94,117.55,118.84,117.6,118.39,120.92,123.82,126.17,129.23,136.51,140.12,140.33,141.72,144.2,144.6,141.15,135.23,135.76,138.19,140.39,136.75,141.06,145.42,145.72,148.89,151.43,154.69,156.83
43,Q,DW_EXST,I15_Q,EA,,,,,,,,,,,,,,,,,,,,99.82,99.54,100.93,101.52,101.25,101.69,102.78,102.54,101.71,100.92,100.62,100.43,99.85,98.05,98.58,98.6,98.03,97.83,98.78,99.13,98.46,98.41,99.97,100.75,100.87,101.82,103.57,105.22,105.71,106.49,108.17,109.95,110.72,111.67,113.5,115.28,116.04,116.45,118.61,120.26,121.13,122.58,124.69,126.32,128.01,130.05,133.89,138.34,140.79,143.43,146.34,147.66,144.32,142.71,142.75,142.73,141.23,141.29,143.85,146.07,146.73,148.84,151.49,153.76,154.56
44,Q,DW_EXST,I15_Q,EA19,,,,,,,,,,,,,,,,,,,,99.7,99.38,100.78,101.37,101.11,101.59,102.66,102.43,101.59,100.8,100.52,100.32,99.75,97.99,98.54,98.55,98.0,97.81,98.79,99.14,98.46,98.41,99.97,100.75,100.87,101.82,103.57,105.22,105.71,106.49,108.17,109.95,110.72,111.67,113.5,115.28,116.04,116.45,118.61,120.26,121.13,122.58,124.69,126.32,128.01,130.05,133.89,138.34,140.79,143.43,146.34,147.66,144.32,142.67,142.67,142.66,141.08,141.12,143.65,145.85,146.49,148.57,151.17,153.42,154.17
45,Q,DW_EXST,I15_Q,EA20,,,,,,,,,,,,,,,,,,,,99.77,99.44,100.83,101.42,101.15,101.63,102.69,102.47,101.64,100.85,100.56,100.36,99.78,98.01,98.57,98.58,98.03,97.84,98.81,99.16,98.47,98.43,99.97,100.74,100.86,101.82,103.55,105.2,105.69,106.46,108.16,109.93,110.72,111.68,113.49,115.28,116.04,116.48,118.65,120.3,121.19,122.66,124.77,126.38,128.09,130.11,133.96,138.41,140.86,143.53,146.47,147.82,144.56,142.95,142.99,142.97,141.47,141.53,144.1,146.31,146.97,149.09,151.75,154.02,154.82
46,Q,DW_EXST,I15_Q,EA21,,,,,,,,,,,,,,,,,,,,99.9,99.56,100.93,101.49,101.22,101.66,102.7,102.47,101.63,100.84,100.55,100.36,99.77,98.01,98.56,98.57,98.02,97.84,98.8,99.15,98.47,98.44,99.97,100.73,100.87,101.83,103.58,105.22,105.72,106.5,108.22,110.0,110.8,111.76,113.58,115.36,116.13,116.57,118.74,120.39,121.29,122.77,124.85,126.49,128.2,130.25,134.08,138.52,140.99,143.71,146.67,148.05,144.83,143.27,143.35,143.35,141.89,142.03,144.63,146.88,147.58,149.76,152.45,154.78,155.57
47,Q,DW_EXST,I15_Q,EE,56.19,63.17,68.16,77.95,90.28,104.3,109.55,116.12,116.83,123.52,119.91,116.02,111.73,113.5,107.34,92.07,72.12,65.04,60.55,62.64,66.89,66.84,67.8,67.46,72.6,73.92,72.32,72.9,74.7,76.06,78.78,78.97,80.21,85.55,88.21,89.57,92.46,96.57,96.15,96.1,96.17,102.68,99.77,101.39,102.05,104.68,104.31,106.37,108.33,110.51,110.75,112.61,110.74,113.54,116.3,119.52,118.73,120.84,123.64,127.83,131.92,121.16,124.79,130.21,138.35,145.01,151.07,160.71,175.4,188.72,193.24,189.14,181.21,190.97,193.55,192.9,200.1,205.17,202.04,201.43,209.06,217.04,214.3,214.56
48,Q,DW_EXST,I15_Q,ES,,,,139.63,145.5,153.11,157.45,161.07,164.36,168.85,169.26,164.97,163.29,160.56,154.72,147.26,142.81,142.62,141.96,142.13,140.84,142.6,139.45,139.82,132.01,130.81,126.05,120.67,114.51,110.24,105.43,103.72,97.0,96.89,96.99,95.71,95.32,97.12,97.13,97.38,96.37,100.85,101.53,101.24,102.51,103.98,105.05,105.74,107.93,109.98,112.07,113.3,114.76,117.69,120.3,120.62,121.96,123.68,125.62,124.75,125.3,125.91,126.64,125.32,126.22,129.62,132.08,133.36,136.57,139.76,142.4,140.45,140.77,143.84,147.1,145.67,148.87,154.42,158.79,161.95,167.21,174.3,180.07,183.28
49,Q,DW_EXST,I15_Q,EU,,,,,,,,,,,,,,,,,,,,96.78,96.54,97.88,98.47,97.81,97.69,98.57,98.3,97.22,96.57,96.63,96.56,95.87,94.7,95.5,95.9,95.57,95.81,97.21,98.07,97.74,97.94,99.69,100.98,101.4,102.38,104.3,106.12,106.66,107.47,109.5,111.34,111.91,112.75,114.7,116.54,117.17,117.56,119.69,121.5,122.34,124.2,126.19,127.93,129.63,132.19,136.31,140.75,143.51,146.58,149.77,150.89,147.84,146.35,146.55,147.04,146.01,146.66,149.42,151.71,152.71,155.21,157.73,160.31,161.44
50,Q,DW_EXST,I15_Q,EU27_2020,,,,,,,,,,,,,,,,,,,,99.33,98.92,100.19,100.62,100.28,100.54,101.45,100.88,99.84,99.24,98.97,98.64,98.03,96.69,97.31,97.34,96.87,96.91,97.94,98.34,97.93,98.23,99.89,100.8,101.08,102.05,103.93,105.65,106.33,107.26,109.2,110.91,111.61,112.67,114.68,116.45,117.28,118.01,120.32,122.13,123.14,125.0,127.0,128.75,130.47,133.04,137.19,141.66,144.43,147.53,150.74,151.87,148.8,147.29,147.5,147.99,146.95,147.61,150.38,152.69,153.7,156.21,158.75,161.35,162.48
51,Q,DW_EXST,I15_Q,EU28,,,,,,,,,,,,,,,,,,,,96.81,96.56,97.89,98.48,97.82,97.71,98.58,98.31,97.24,96.59,96.64,96.57,95.87,94.7,95.5,95.9,95.57,95.81,97.21,98.07,97.74,97.94,99.69,100.98,101.4,102.38,104.3,106.12,106.66,107.47,109.5,111.34,111.91,112.75,114.7,116.54,117.17,117.56,119.69,121.5,122.34,,,,,,,,,,,,,,,,,,,,,,,,
52,Q,DW_EXST,I15_Q,FI,,,,,,,,,,,,,,,,,85.84,88.37,90.15,92.81,95.37,97.12,97.74,97.52,99.06,100.71,99.78,98.44,100.16,101.04,100.72,100.8,101.3,101.97,101.47,100.87,100.6,101.08,100.59,99.54,99.61,100.43,100.32,99.64,100.26,101.58,101.7,100.87,101.08,102.67,101.86,101.42,101.88,103.25,102.43,102.24,102.24,103.82,102.71,101.59,102.64,103.86,104.46,104.98,106.58,109.34,109.05,109.06,109.19,111.11,109.23,105.6,102.2,102.0,99.62,98.78,97.06,98.03,97.86,96.4,94.85,96.48,93.75,92.66
53,Q,DW_EXST,I15_Q,FR,80.39,83.9,88.13,89.75,91.88,94.74,98.01,98.74,99.43,101.18,103.62,104.38,103.67,103.7,104.22,100.42,96.05,94.31,96.09,96.27,97.18,99.2,102.4,103.57,103.99,106.21,108.68,107.39,105.91,105.96,106.9,105.18,103.81,103.62,104.41,103.19,101.87,102.2,102.89,100.56,99.4,99.46,101.01,100.12,99.67,100.09,102.33,101.62,102.14,103.16,105.67,104.93,105.17,106.12,108.77,108.34,108.33,109.44,112.22,112.4,113.67,115.66,118.09,119.62,120.4,122.44,126.82,128.16,129.26,131.3,135.07,134.04,132.72,131.97,132.64,128.76,125.78,125.44,127.49,125.98,126.14,126.1,128.28,127.36
54,Q,DW_EXST,I15_Q,HR,,,,,,,,,,,,,125.23,125.45,127.67,125.24,123.01,117.18,114.55,114.5,111.75,111.94,110.63,110.36,109.56,109.9,110.58,110.26,109.59,107.95,107.5,104.12,102.69,103.19,103.05,102.01,101.96,102.83,100.87,100.07,101.12,99.33,99.37,100.18,101.73,101.23,102.3,101.97,102.51,106.17,106.65,110.46,111.59,111.47,114.68,116.0,119.52,123.4,123.9,128.08,132.12,134.23,133.35,137.45,138.2,143.0,145.56,148.97,155.53,162.01,166.69,174.95,178.82,184.58,184.39,193.11,195.82,204.12,209.28,212.25,220.66,232.18,238.99,247.07
55,Q,DW_EXST,I15_Q,HU,,,,,,,,,94.86,97.22,101.76,102.84,100.97,102.19,102.6,100.33,99.61,96.33,95.14,92.27,95.16,94.35,94.13,92.38,92.07,91.34,90.13,89.61,90.49,87.23,86.33,84.61,84.87,85.01,85.14,83.93,85.58,87.3,89.04,91.2,93.46,98.7,103.04,104.8,109.52,112.06,115.41,117.15,122.19,125.26,129.06,131.57,138.27,142.27,148.33,152.34,165.38,171.0,173.63,172.4,178.22,173.27,180.41,177.24,193.92,201.98,209.83,217.3,238.65,252.84,261.48,254.91,265.37,265.3,267.02,269.85,293.98,299.41,302.49,314.22,346.2,343.02,370.8,388.55
56,Q,DW_EXST,I15_Q,IE,,,,,,,,,,,,,,,,,,,,,109.8,106.1,103.41,98.98,94.23,89.1,83.75,79.27,75.44,73.5,74.75,75.72,73.86,73.99,78.43,80.9,82.33,87.11,94.16,97.05,96.79,98.67,101.58,102.97,103.25,104.59,109.51,112.46,113.85,116.65,123.49,126.89,128.61,131.43,134.35,135.2,133.52,133.97,136.07,135.56,134.12,133.66,133.91,135.91,138.37,142.57,151.3,158.38,162.85,165.69,170.39,171.39,168.72,166.7,168.84,173.94,178.34,181.3,187.32,192.34,194.54,197.23,202.42,206.44
57,Q,DW_EXST,I15_Q,IS,,,,,,,,,,,,,,,,,,,,,,,,,,,,,,,,,,,,,,,,,,,,,104.94,106.65,110.76,116.72,122.09,130.11,135.64,136.94,138.82,140.51,143.46,145.24,146.18,147.15,148.17,151.66,153.05,156.3,159.19,162.62,166.26,174.99,180.92,188.09,196.06,211.23,224.47,227.61,226.99,232.6,230.49,236.19,239.87,246.9,256.22,257.89,258.38,262.48,265.13,266.4
58,Q,DW_EXST,I15_Q,IT,,,,,,,,,,,,,,,,,,,,,125.4,127.0,127.8,126.8,126.0,128.9,128.0,126.3,125.1,123.3,120.5,116.8,112.7,112.2,110.1,108.4,107.0,105.6,104.1,102.1,99.8,100.2,100.4,99.6,99.7,100.5,100.6,99.6,99.1,99.5,99.0,98.1,98.1,98.7,97.7,97.4,96.8,98.3,97.8,97.4,98.6,101.8,98.5,98.7,99.8,101.8,102.5,102.4,104.2,105.7,105.5,104.8,104.5,106.4,105.9,105.1,105.3,108.3,108.8,108.7,110.5,113.1,113.4,114.3
59,Q,DW_EXST,I15_Q,LT,,,,,85.35,86.36,93.69,103.06,113.3,120.68,128.7,130.09,131.04,134.86,133.09,119.6,94.71,88.16,87.19,86.29,82.8,85.97,85.36,86.8,90.17,89.82,90.31,90.81,89.18,89.17,88.3,87.92,88.96,91.13,89.77,92.43,93.89,97.31,99.19,96.64,96.74,100.52,101.9,100.84,101.86,105.59,108.16,110.25,111.84,115.3,117.52,117.66,120.58,123.81,124.8,125.92,129.38,132.36,133.85,134.39,138.56,142.34,142.57,147.42,156.28,162.32,170.74,179.33,187.55,197.81,202.87,202.73,205.2,210.35,212.83,216.66,223.18,229.72,233.84,239.09,245.05,252.16,260.53,266.8
60,Q,DW_EXST,I15_Q,LU,,,,,,,,,77.14,77.22,80.52,78.9,78.09,80.59,80.49,79.32,75.9,77.23,75.99,77.97,81.35,80.22,80.75,82.86,83.19,85.48,83.74,88.43,86.88,88.3,88.25,90.85,90.3,91.55,91.75,92.45,94.24,96.28,96.67,97.62,98.22,100.16,101.09,100.53,102.85,104.78,108.03,109.18,110.19,112.94,112.65,113.24,117.32,119.51,121.41,125.69,128.22,133.12,136.95,138.2,143.5,150.46,158.35,162.97,169.95,172.23,180.98,184.07,188.86,194.29,195.28,191.34,184.35,177.08,163.85,159.14,159.63,159.66,160.72,162.97,161.61,167.7,161.42,162.4
61,Q,DW_EXST,I15_Q,LV,,,,,93.33,104.4,115.97,127.59,143.09,150.36,160.34,155.04,168.2,163.92,152.94,127.29,105.18,96.51,92.6,91.44,83.47,83.19,85.65,86.06,90.79,90.68,90.4,86.9,87.61,90.19,90.65,92.9,93.48,98.37,97.31,99.09,101.72,102.87,106.45,97.74,96.47,100.5,100.89,102.15,103.37,108.62,110.53,111.5,113.23,120.17,119.36,119.91,125.46,130.71,130.14,134.64,135.61,141.39,144.82,145.49,145.48,141.15,147.65,147.33,151.82,163.41,170.2,177.76,183.56,191.08,194.03,188.52,189.0,196.42,193.67,183.94,191.24,191.63,199.65,199.01,200.98,206.9,217.41,222.46
62,Q,DW_EXST,I15_Q,MT,,,,,,,,,,,,,92.34,85.94,100.35,104.2,96.09,87.83,92.43,79.88,83.46,89.94,89.25,80.92,83.54,87.87,89.01,83.61,87.42,83.95,95.93,88.85,90.04,86.05,96.89,97.06,94.36,94.49,93.22,99.01,91.85,97.25,102.86,108.04,99.03,104.96,109.55,113.59,106.18,112.87,113.59,117.68,112.88,110.59,123.37,123.47,117.75,120.32,124.69,131.28,126.9,130.89,132.69,135.83,128.5,133.87,136.37,139.01,140.39,141.92,143.2,143.92,148.07,151.2,153.44,155.36,158.78,162.05,164.38,166.44,169.8,172.84,175.27,176.34
63,Q,DW_EXST,I15_Q,NL,104.71,105.86,107.3,107.88,109.46,110.75,112.19,112.77,113.92,115.35,117.08,117.51,118.95,119.09,120.39,119.38,118.66,115.64,114.06,113.2,112.91,113.05,113.2,111.9,111.33,110.75,110.03,108.02,106.72,104.71,100.54,99.82,97.52,95.51,95.94,95.65,96.08,96.8,97.66,97.66,98.45,99.25,100.8,101.5,102.78,104.18,106.89,108.18,110.38,112.64,115.61,117.59,120.53,122.99,126.41,128.35,130.47,132.09,134.45,136.34,139.36,142.27,145.48,148.29,153.56,160.53,170.71,177.19,184.42,189.62,190.5,185.53,182.45,179.42,181.83,185.0,189.38,194.84,201.97,206.19,209.96,213.83,217.73,218.88
64,Q,DW_EXST,I15_Q,NO,,,,,,,,,,,,,,,,,,,,,73.8,76.51,76.13,76.08,79.98,82.2,82.47,82.14,85.01,87.51,88.66,88.25,90.96,92.77,91.45,88.68,90.69,93.94,94.56,94.45,98.35,100.98,101.08,99.6,103.22,107.45,110.69,111.65,116.02,116.73,113.4,111.25,113.52,117.64,116.86,114.53,117.43,120.24,119.76,117.66,120.13,123.53,125.94,127.08,133.86,138.53,138.2,136.23,143.02,147.26,145.63,139.96,143.28,148.17,144.42,140.24,145.45,151.02,149.68,147.6,156.06,158.31,157.46,155.99
65,Q,DW_EXST,I15_Q,PL,,,,,,,,,,,,,,,,,,,,,106.5,108.73,108.4,107.34,107.55,108.73,107.11,105.79,103.73,103.01,101.26,99.44,97.38,97.7,98.52,98.66,98.64,100.07,99.46,99.21,99.13,100.42,100.49,99.97,99.64,102.14,104.01,104.4,104.3,106.96,108.01,109.24,111.02,114.23,116.66,118.76,121.35,124.98,129.36,132.96,139.73,144.18,147.04,147.76,150.59,156.08,159.92,165.82,171.37,177.46,178.4,179.65,179.09,184.75,194.07,200.45,208.4,214.35,217.28,220.06,221.27,222.98,224.78,226.92
66,Q,DW_EXST,I15_Q,PT,,,,,,,,,,,,,110.87,111.53,110.08,107.53,106.91,108.58,109.17,110.04,110.42,110.72,109.38,107.68,106.52,104.0,101.38,97.29,95.91,94.4,92.92,93.94,90.72,91.51,92.01,94.55,95.02,96.6,95.95,97.19,97.01,99.89,100.96,102.14,104.66,108.34,110.18,111.53,114.34,118.03,122.82,124.72,129.18,132.9,134.11,136.6,142.08,145.19,148.63,151.48,157.37,160.28,159.44,163.64,168.4,173.24,177.71,183.18,191.26,198.66,203.82,206.38,209.72,216.5,220.36,223.19,225.65,234.52,243.53,250.82,264.0,277.45,290.0,303.23
67,Q,DW_EXST,I15_Q,RO,,,,,,,,,,,,,,,,,135.89,130.02,129.12,135.2,126.44,124.86,120.79,117.36,111.8,110.38,102.16,97.63,101.07,100.45,96.53,96.55,100.58,100.05,97.67,97.1,97.74,96.35,95.57,97.2,100.98,99.89,98.65,100.48,103.48,106.48,106.12,107.93,110.53,115.1,113.88,115.39,117.94,121.84,120.62,121.51,122.01,124.26,125.96,127.89,132.57,132.82,129.26,130.15,134.52,137.01,138.26,141.32,143.23,146.09,143.31,146.77,145.45,143.2,146.57,147.49,148.6,149.3,150.02,154.51,157.83,158.86,162.05,165.43
68,Q,DW_EXST,I15_Q,SE,46.21,48.09,50.45,52.05,54.04,56.0,57.61,57.8,60.41,64.5,66.98,64.5,64.72,66.23,65.58,61.03,62.59,65.08,67.21,69.02,70.45,71.31,72.24,73.66,74.18,73.82,73.52,71.51,72.55,73.8,74.69,74.59,75.99,78.1,79.66,80.84,83.38,85.51,88.71,90.46,94.79,98.32,102.41,104.48,105.91,106.97,109.7,111.57,114.72,116.84,118.1,113.47,111.9,112.36,113.06,112.16,111.92,113.98,115.94,116.5,118.5,118.39,122.17,125.56,129.7,135.29,138.88,140.24,143.18,143.17,137.36,130.57,129.65,130.42,130.29,127.23,128.75,131.13,132.29,132.02,133.34,133.2,133.26,133.06
69,Q,DW_EXST,I15_Q,SI,,,,,,,,,115.84,119.13,121.6,123.93,126.36,125.87,129.02,122.14,118.16,114.66,114.44,117.75,120.67,118.82,117.96,117.24,121.58,120.47,119.34,116.45,113.59,116.28,111.96,109.37,108.61,109.3,105.62,103.84,100.6,99.72,98.58,98.87,100.37,102.2,99.32,98.1,101.38,103.62,104.55,105.54,107.85,111.54,112.51,115.66,116.6,120.11,123.19,127.42,128.14,130.1,134.16,133.84,135.37,137.25,138.02,140.75,144.79,151.59,155.73,162.89,171.35,176.35,180.02,182.38,186.95,190.36,190.03,194.45,199.77,202.02,205.92,210.55,209.32,214.89,216.61,225.13
70,Q,DW_EXST,I15_Q,SK,,,,,,,,,,,,,,,,,,,,,94.38,94.18,93.52,93.69,94.04,93.86,93.06,91.15,91.9,91.99,92.06,90.34,92.67,92.98,92.55,92.8,92.66,93.78,94.08,95.4,98.35,100.04,100.29,101.33,103.21,106.02,108.09,110.5,106.76,113.32,114.93,116.08,118.9,121.61,121.95,125.36,128.48,134.13,136.77,141.99,148.24,148.92,148.39,153.02,150.47,159.72,163.89,169.14,169.88,180.05,187.73,183.49,184.85,177.16,179.31,182.72,179.74,184.93,191.1,198.08,201.95,206.05,217.36,224.63
71,Q,DW_EXST,I15_Q,TR,,,,,,,,,,,,,,,,,,,,,55.7,56.84,57.63,58.41,60.19,61.92,62.43,63.69,66.09,68.41,69.87,70.66,73.33,75.81,77.82,79.51,81.68,84.87,87.9,90.45,94.27,99.0,101.71,105.02,107.73,111.71,114.35,116.91,120.68,124.9,126.04,128.75,131.16,135.76,136.67,137.18,135.76,138.04,142.1,147.22,156.07,164.85,182.25,192.28,204.25,218.89,238.69,281.64,383.98,574.2,668.06,765.24,934.19,1081.44,1287.11,1420.78,1521.55,1611.49,1711.28,1820.74,,,,
72,Q,DW_EXST,I15_Q,UK,75.92,78.12,80.08,80.13,80.73,83.82,86.61,88.26,89.56,92.97,95.67,95.62,92.78,92.22,88.78,82.89,78.38,79.58,82.84,84.56,84.97,86.58,87.85,85.79,84.02,84.72,85.82,84.6,83.72,85.27,86.39,85.31,84.9,86.57,88.75,89.1,90.29,93.53,96.71,96.81,96.43,98.62,101.91,103.05,104.09,106.23,108.57,108.36,108.51,111.01,113.56,113.45,112.92,114.5,116.8,116.26,114.61,115.63,117.49,117.4,116.86,117.03,120.65,,,,,,,,,,,,,,,,,,,,,
73,Q,DW_EXST,RCH_A,AT,,,,,,,,,,,,,,,,,,,,,,,,,5.5,5.4,5.4,5.3,7.5,3.9,6.0,6.2,4.1,8.6,4.6,2.8,4.5,2.6,3.0,4.8,7.2,5.5,6.0,4.5,3.7,5.9,6.2,7.9,6.9,6.2,6.2,4.9,5.6,6.1,6.0,7.5,5.5,6.0,6.2,6.3,8.0,6.3,8.7,7.7,10.6,13.8,12.6,15.4,15.1,13.5,12.8,5.5,-0.4,-4.1,-6.8,-4.8,-5.3,-1.3,-0.2,0.6,3.5,1.3,1.5,3.8
74,Q,DW_EXST,RCH_A,BE,,,,,12.8,12.7,11.5,9.7,10.1,9.5,8.1,8.0,6.4,5.4,5.1,3.2,1.0,-1.2,-0.4,0.1,1.7,3.5,3.2,3.5,3.9,3.7,3.3,3.2,3.3,2.7,1.9,2.0,1.3,1.2,1.3,0.2,-0.2,-0.3,-0.6,1.2,0.2,1.2,2.1,1.3,1.8,1.8,2.0,2.7,3.8,3.2,3.9,2.7,3.2,3.5,2.3,3.2,3.3,3.6,4.5,4.4,3.4,4.1,4.0,5.5,6.6,7.4,7.3,6.0,6.5,5.5,5.8,4.5,4.0,2.2,0.7,2.7,2.1,2.5,3.2,2.5,3.6,3.8,3.9,3.9
75,Q,DW_EXST,RCH_A,BG,,,,,15.1,12.2,14.0,17.4,22.6,27.1,30.6,34.6,31.6,32.2,26.8,11.7,-8.4,-21.9,-28.0,-26.3,-17.8,-9.6,-6.0,-5.6,-5.6,-6.4,-6.1,-6.2,-4.3,-2.6,-2.2,-1.4,-2.0,-2.2,-1.8,-1.2,0.0,0.3,0.4,1.2,2.4,2.2,0.9,3.6,3.8,7.5,9.3,8.8,8.7,9.2,10.9,10.0,9.7,7.7,5.8,5.3,5.0,3.8,5.5,4.9,6.3,4.2,6.2,7.2,8.0,10.2,8.8,10.0,13.3,16.0,17.4,15.6,12.3,11.4,9.0,9.8,14.1,14.8,16.5,17.4,16.2,16.0,18.2,15.0
76,Q,DW_EXST,RCH_A,CY,,,,,,,,,,,,,,,,,,,,,,,,,-0.2,6.0,2.8,-2.0,-1.8,-6.7,-6.4,-3.0,-7.5,-4.5,-3.3,-2.2,4.3,-1.1,2.5,-2.9,-2.6,1.0,-3.2,-1.5,-1.5,-0.8,-0.3,1.4,2.3,0.1,-0.9,-1.5,0.2,-2.5,-2.1,-1.5,-2.8,4.0,2.2,3.1,5.0,1.4,2.0,2.3,0.2,0.0,3.6,1.3,3.3,5.3,5.3,6.4,6.7,7.5,7.6,8.1,10.2,7.6,6.5,4.1,6.8,9.2,6.9,7.4
77,Q,DW_EXST,RCH_A,CZ,,,,,,,,,,,,,,,,,2.2,-5.5,-8.0,-7.6,-4.8,-1.2,-0.3,0.2,0.3,0.8,0.5,-0.6,-1.3,-1.7,-1.4,-0.8,-0.4,0.0,0.0,0.2,1.4,1.8,2.8,3.8,3.7,3.7,4.1,4.4,4.8,5.8,7.3,11.1,12.7,13.1,12.0,8.1,7.3,7.6,8.3,9.3,9.5,9.3,9.1,9.3,8.7,7.7,8.1,8.6,13.6,17.7,22.3,25.9,23.1,21.8,15.7,7.2,1.6,-2.9,-3.8,-1.4,1.2,4.3,6.1,8.2,9.3,9.4,9.9,10.0
78,Q,DW_EXST,RCH_A,DE,,,,,-1.2,1.4,-2.7,1.3,-3.9,-3.3,-1.7,-2.4,2.9,1.7,-0.2,0.1,-2.0,-0.5,1.0,1.9,1.2,1.2,1.6,-0.7,3.7,2.8,2.4,4.3,1.9,2.3,4.8,5.0,4.1,4.7,3.0,1.9,2.8,2.9,3.4,3.0,4.0,4.4,4.3,5.8,6.1,6.9,8.6,8.7,7.1,6.1,5.8,6.6,6.7,6.7,7.1,6.5,5.8,6.5,5.9,6.6,7.8,6.6,8.6,9.1,9.9,12.3,13.5,13.4,12.7,10.6,5.0,-3.2,-7.5,-10.4,-11.3,-8.3,-5.7,-3.1,-0.7,1.8,3.3,3.2,3.6,3.0
79,Q,DW_EXST,RCH_A,DK,,,,,29.3,30.4,23.4,14.6,7.4,2.4,0.5,-0.6,-2.0,-2.4,-5.1,-10.8,-15.6,-15.3,-12.2,-4.9,2.3,3.5,3.4,2.6,0.8,0.9,-3.4,-5.9,-4.9,-5.6,-1.9,1.2,2.3,4.3,4.2,3.3,3.5,3.9,3.3,4.1,3.5,5.7,8.8,9.6,5.1,4.1,5.0,4.2,6.1,5.4,4.4,4.3,6.0,5.6,3.4,2.8,2.9,1.4,2.3,2.4,3.0,2.9,4.2,7.3,9.2,12.9,13.2,11.2,9.7,5.6,3.2,0.6,-4.6,-5.9,-4.4,-0.5,1.1,3.9,5.2,3.8,8.9,7.4,6.4,7.6
80,Q,DW_EXST,RCH_A,EA,,,,,,,,,,,,,,,,,,,,,,,,1.4,2.2,1.8,1.0,0.5,-0.8,-2.1,-2.1,-1.8,-2.8,-2.0,-1.8,-1.8,-0.2,0.2,0.5,0.4,0.6,1.2,1.6,2.4,3.5,3.6,4.4,4.8,4.6,4.4,4.5,4.7,4.9,4.9,4.8,4.8,4.3,4.5,4.3,4.4,5.3,5.1,5.0,5.7,6.1,7.4,9.5,10.0,10.3,9.3,6.7,2.5,-0.5,-2.5,-3.3,-2.1,-1.0,0.8,2.3,3.9,5.3,5.3,5.3,5.3
81,Q,DW_EXST,RCH_A,EA19,,,,,,,,,,,,,,,,,,,,,,,,1.4,2.2,1.9,1.0,0.5,-0.8,-2.1,-2.1,-1.8,-2.8,-2.0,-1.8,-1.8,-0.2,0.3,0.6,0.5,0.6,1.2,1.6,2.4,3.5,3.6,4.4,4.8,4.6,4.4,4.5,4.7,4.9,4.9,4.8,4.8,4.3,4.5,4.3,4.4,5.3,5.1,5.0,5.7,6.1,7.4,9.5,10.0,10.3,9.3,6.7,2.5,-0.5,-2.5,-3.4,-2.2,-1.1,0.7,2.2,3.8,5.3,5.2,5.2,5.2
82,Q,DW_EXST,RCH_A,EA20,,,,,,,,,,,,,,,,,,,,,,,,1.4,2.2,1.8,1.0,0.5,-0.8,-2.1,-2.1,-1.8,-2.8,-2.0,-1.8,-1.8,-0.2,0.2,0.6,0.4,0.6,1.2,1.6,2.4,3.4,3.6,4.4,4.8,4.6,4.5,4.5,4.8,4.9,4.9,4.9,4.8,4.3,4.5,4.4,4.4,5.3,5.2,5.1,5.7,6.1,7.4,9.5,10.0,10.3,9.3,6.8,2.6,-0.4,-2.4,-3.3,-2.1,-1.0,0.8,2.3,3.9,5.3,5.3,5.3,5.3
83,Q,DW_EXST,RCH_A,EA21,,,,,,,,,,,,,,,,,,,,,,,,1.3,2.1,1.8,1.0,0.4,-0.8,-2.1,-2.1,-1.8,-2.8,-2.0,-1.8,-1.8,-0.2,0.2,0.6,0.5,0.6,1.2,1.6,2.4,3.4,3.6,4.5,4.8,4.6,4.5,4.5,4.8,4.9,5.0,4.9,4.8,4.3,4.5,4.4,4.4,5.3,5.1,5.1,5.7,6.1,7.4,9.5,10.0,10.3,9.4,6.9,2.7,-0.3,-2.3,-3.2,-2.0,-0.9,0.9,2.5,4.0,5.4,5.4,5.4,5.4
84,Q,DW_EXST,RCH_A,EE,,,,,60.7,65.1,60.7,49.0,29.4,18.4,9.5,-0.1,-4.4,-8.1,-10.5,-20.6,-35.5,-42.7,-43.6,-32.0,-7.3,2.8,12.0,7.7,8.5,10.6,6.7,8.1,2.9,2.9,8.9,8.3,7.4,12.5,12.0,13.4,15.3,12.9,9.0,7.3,4.0,6.3,3.8,5.5,6.1,1.9,4.6,4.9,6.2,5.6,6.2,5.9,2.2,2.7,5.0,6.1,7.2,6.4,6.3,7.0,11.1,0.3,0.9,1.9,4.9,19.7,21.1,23.4,26.8,30.1,27.9,17.7,3.3,1.2,0.2,2.0,10.4,7.4,4.4,4.4,4.5,5.8,6.1,6.5
85,Q,DW_EXST,RCH_A,ES,,,,,,,,15.4,13.0,10.3,7.5,2.4,-0.7,-4.9,-8.6,-10.7,-12.5,-11.2,-8.2,-3.5,-1.4,0.0,-1.8,-1.6,-6.3,-8.3,-9.6,-13.7,-13.3,-15.7,-16.4,-14.0,-15.3,-12.1,-8.0,-7.7,-1.7,0.2,0.1,1.7,1.1,3.8,4.5,4.0,6.4,3.1,3.5,4.4,5.3,5.8,6.7,7.1,6.3,7.0,7.3,6.5,6.3,5.1,4.4,3.4,2.7,1.8,0.8,0.5,0.7,2.9,4.3,6.4,8.2,7.8,7.8,5.3,3.1,2.9,3.3,3.7,5.8,7.4,7.9,11.2,12.3,12.9,13.4,13.2
86,Q,DW_EXST,RCH_A,EU,,,,,,,,,,,,,,,,,,,,,,,,1.1,1.2,0.7,-0.2,-0.6,-1.1,-2.0,-1.8,-1.4,-1.9,-1.2,-0.7,-0.3,1.2,1.8,2.3,2.3,2.2,2.6,3.0,3.7,4.5,4.6,5.1,5.2,5.0,5.0,4.9,4.9,4.9,4.7,4.7,4.7,4.3,4.4,4.3,4.4,5.6,5.4,5.3,6.0,6.4,8.0,10.0,10.7,10.9,9.9,7.2,3.0,-0.2,-2.1,-2.6,-1.2,0.2,2.0,3.2,4.6,5.8,5.6,5.7,5.7
87,Q,DW_EXST,RCH_A,EU27_2020,,,,,,,,,,,,,,,,,,,,,,,,1.0,1.6,1.3,0.3,-0.4,-1.3,-2.4,-2.2,-1.8,-2.6,-1.7,-1.3,-1.2,0.2,0.6,1.0,1.1,1.4,2.0,2.5,3.2,3.9,4.0,4.8,5.2,5.1,5.1,5.0,5.0,5.0,5.0,5.0,5.1,4.7,4.9,4.9,5.0,5.9,5.6,5.4,6.0,6.4,8.0,10.0,10.7,10.9,9.9,7.2,3.0,-0.2,-2.1,-2.6,-1.2,0.2,2.0,3.2,4.6,5.8,5.6,5.7,5.7
88,Q,DW_EXST,RCH_A,EU28,,,,,,,,,,,,,,,,,,,,,,,,1.0,1.2,0.7,-0.2,-0.6,-1.1,-2.0,-1.8,-1.4,-2.0,-1.2,-0.7,-0.3,1.2,1.8,2.3,2.3,2.2,2.6,3.0,3.7,4.5,4.6,5.1,5.2,5.0,5.0,4.9,4.9,4.9,4.7,4.7,4.7,4.3,4.4,4.3,4.4,,,,,,,,,,,,,,,,,,,,,,,,
89,Q,DW_EXST,RCH_A,FI,,,,,,,,,,,,,,,,,,,,,11.1,9.9,8.4,5.1,3.9,3.7,2.1,0.9,1.1,0.3,0.9,2.4,1.1,0.9,0.7,0.1,-0.7,-0.9,-0.9,-1.3,-1.0,-0.6,-0.3,0.1,0.7,1.1,1.4,1.2,0.8,1.1,0.2,0.5,0.8,0.6,0.6,0.8,0.4,0.6,0.3,-0.6,0.4,0.0,1.7,3.3,3.8,5.3,4.4,3.9,2.4,1.6,0.2,-3.2,-6.4,-8.2,-8.8,-6.5,-5.0,-3.9,-1.8,-2.4,-2.3,-1.6,-4.2,-3.9
90,Q,DW_EXST,RCH_A,FR,,,,,14.3,12.9,11.2,10.0,8.2,6.8,5.7,5.7,4.3,2.5,0.6,-3.8,-7.4,-9.1,-7.8,-4.1,1.2,5.2,6.6,7.6,7.0,7.1,6.1,3.7,1.8,-0.2,-1.6,-2.1,-2.0,-2.2,-2.3,-1.9,-1.9,-1.4,-1.5,-2.5,-2.4,-2.7,-1.8,-0.4,0.3,0.6,1.3,1.5,2.5,3.1,3.3,3.3,3.0,2.9,2.9,3.2,3.0,3.1,3.2,3.7,4.9,5.7,5.2,6.4,5.9,5.9,7.4,7.1,7.4,7.2,6.5,4.6,2.7,0.5,-1.8,-3.9,-5.2,-4.9,-3.9,-2.2,0.3,0.5,0.6,1.1
91,Q,DW_EXST,RCH_A,HR,,,,,,,,,,,,,,,,,-1.8,-6.6,-10.3,-8.6,-9.2,-4.5,-3.4,-3.6,-2.0,-1.8,0.0,-0.1,0.0,-1.8,-2.8,-5.6,-6.3,-4.4,-4.1,-2.0,-0.7,-0.3,-2.1,-1.9,-0.8,-3.4,-1.5,0.1,0.6,1.9,2.9,1.8,0.8,4.9,4.3,8.3,8.9,5.0,7.5,5.0,7.1,10.7,8.0,10.4,10.5,8.8,7.6,7.3,4.6,6.5,9.2,8.4,12.5,13.3,14.5,17.4,15.0,13.9,10.6,10.4,9.5,10.6,13.5,9.9,12.7,13.7,14.2,16.4
92,Q,DW_EXST,RCH_A,HU,,,,,,,,,,,,,6.4,5.1,0.8,-2.4,-1.3,-5.7,-7.3,-8.0,-4.5,-2.1,-1.1,0.1,-3.2,-3.2,-4.2,-3.0,-1.7,-4.5,-4.2,-5.6,-6.2,-2.5,-1.4,-0.8,0.8,2.7,4.6,8.7,9.2,13.1,15.7,14.9,17.2,13.5,12.0,11.8,11.6,11.8,11.8,12.3,13.2,13.6,14.9,15.8,19.6,20.2,17.1,13.2,7.8,1.3,3.9,2.8,8.8,16.6,16.3,22.6,23.1,25.2,24.6,17.3,11.2,4.9,2.1,5.9,10.8,12.9,13.3,16.4,17.8,14.6,22.6,23.7
93,Q,DW_EXST,RCH_A,IE,,,,,,,,,,,,,,,,,,,,,,,,,-14.2,-16.0,-19.0,-19.9,-19.9,-17.5,-10.7,-4.5,-2.1,0.7,4.9,6.8,11.5,17.7,20.1,20.0,17.6,13.3,7.9,6.1,6.7,6.0,7.8,9.2,10.3,11.5,12.8,12.8,13.0,12.7,8.8,6.5,3.8,1.9,1.3,0.3,0.4,-0.2,-1.6,0.3,3.2,6.7,13.0,16.5,17.7,16.2,12.6,8.2,3.6,0.6,-0.9,1.5,5.7,8.8,10.9,10.6,9.1,8.8,8.1,7.3
94,Q,DW_EXST,RCH_A,IS,,,,,,,,,,,,,,,,,,,,,,,,,,,,,,,,,,,,,,,,,,,,,,,,,16.3,22.0,22.5,17.3,13.7,8.0,5.8,6.1,5.3,4.7,3.3,4.4,4.7,6.2,7.4,7.2,8.6,12.0,13.7,15.7,17.9,20.7,24.1,21.0,15.8,10.1,2.7,3.8,5.7,6.1,11.2,9.2,7.7,6.3,3.5,3.3
95,Q,DW_EXST,RCH_A,IT,,,,,,,,,,,,,,,,,,,,,,,,,0.5,1.5,0.2,-0.4,-0.7,-4.3,-5.9,-7.5,-9.9,-9.0,-8.6,-7.2,-5.1,-5.9,-5.4,-5.8,-6.7,-5.1,-3.6,-2.4,-0.1,0.3,0.2,0.0,-0.6,-1.0,-1.6,-1.5,-1.0,-0.8,-1.3,-0.7,-1.3,-0.4,0.1,0.0,1.9,3.6,0.7,1.3,1.2,0.0,4.1,3.7,4.4,3.8,2.9,2.3,0.3,0.7,0.4,0.3,0.8,1.8,2.7,3.4,4.9,4.4,4.2,5.2
96,Q,DW_EXST,RCH_A,LT,,,,,,,,,32.7,39.7,37.4,26.2,15.7,11.8,3.4,-8.1,-27.7,-34.6,-34.5,-27.9,-12.6,-2.5,-2.1,0.6,8.9,4.5,5.8,4.6,-1.1,-0.7,-2.2,-3.2,-0.2,2.2,1.7,5.1,5.5,6.8,10.5,4.6,3.0,3.3,2.7,4.3,5.3,5.0,6.1,9.3,9.8,9.2,8.7,6.7,7.8,7.4,6.2,7.0,7.3,6.9,7.3,6.7,7.1,7.5,6.5,9.7,12.8,14.0,19.8,21.6,20.0,21.9,18.8,13.0,9.4,6.3,4.9,6.9,8.8,9.2,9.9,10.4,9.8,9.8,11.4,11.6
97,Q,DW_EXST,RCH_A,LU,,,,,,,,,,,,,1.2,4.4,0.0,0.5,-2.8,-4.2,-5.6,-1.7,7.2,3.9,6.3,6.3,2.3,6.6,3.7,6.7,4.4,3.3,5.4,2.7,3.9,3.7,4.0,1.8,4.4,5.2,5.4,5.6,4.2,4.0,4.6,3.0,4.7,4.6,6.9,8.6,7.1,7.8,4.3,3.7,6.5,5.8,7.8,11.0,9.3,11.4,12.8,10.0,11.9,13.0,15.6,17.9,18.4,14.5,14.3,12.9,11.1,12.8,7.9,3.9,-2.4,-8.9,-16.1,-16.8,-13.4,-9.8,-1.9,2.4,1.2,5.0,0.4,-0.3
98,Q,DW_EXST,RCH_A,LV,,,,,,,,,53.3,44.0,38.3,21.5,17.5,9.0,-4.6,-17.9,-37.5,-41.1,-39.5,-28.2,-20.6,-13.8,-7.5,-5.9,8.8,9.0,5.5,1.0,-3.5,-0.5,0.3,6.9,6.7,9.1,7.3,6.7,8.8,4.6,9.4,-1.4,-5.2,-2.3,-5.2,4.5,7.2,8.1,9.6,9.2,9.5,10.6,8.0,7.5,10.8,8.8,9.0,12.3,8.1,8.2,11.3,8.1,7.3,-0.2,2.0,1.3,4.4,15.8,15.3,20.7,20.9,16.9,14.0,6.1,3.0,2.8,-0.2,-2.4,1.2,-2.4,3.1,8.2,5.1,8.0,8.9,11.8
99,Q,DW_EXST,RCH_A,MT,,,,,,,,,,,,,,,,,4.1,2.2,-7.9,-23.3,-13.1,2.4,-3.4,1.3,0.1,-2.3,-0.3,3.3,4.6,-4.5,7.8,6.3,3.0,2.5,1.0,9.2,4.8,9.8,-3.8,2.0,-2.7,2.9,10.3,9.1,7.8,7.9,6.5,5.1,7.2,7.5,3.7,3.6,6.3,-2.0,8.6,4.9,4.3,8.8,1.1,6.3,7.8,8.8,6.4,3.5,1.3,2.3,2.8,2.3,9.3,6.0,5.0,3.5,5.5,6.5,7.2,7.9,7.2,7.2,7.1,7.1,6.9,6.7,6.6,5.9
100,Q,DW_EXST,RCH_A,NL,,,,,4.5,4.6,4.6,4.5,4.1,4.2,4.4,4.2,4.4,3.2,2.8,1.6,-0.2,-2.9,-5.3,-5.2,-4.8,-2.2,-0.8,-1.1,-1.4,-2.0,-2.8,-3.5,-4.1,-5.5,-8.6,-7.6,-8.6,-8.8,-4.6,-4.2,-1.5,1.4,1.8,2.1,2.5,2.5,3.2,3.9,4.4,5.0,6.0,6.6,7.4,8.1,8.2,8.7,9.2,9.2,9.3,9.2,8.2,7.4,6.4,6.2,6.8,7.7,8.2,8.8,10.2,12.8,17.3,19.5,20.1,18.1,11.6,4.7,-1.1,-5.4,-4.6,-0.3,3.8,8.6,11.1,11.5,10.9,9.7,7.8,6.2
101,Q,DW_EXST,RCH_A,NO,,,,,,,,,,,,,,,,,,,,,,,,,8.4,7.4,8.3,8.0,6.3,6.5,7.5,7.4,7.0,6.0,3.1,0.5,-0.3,1.3,3.4,6.5,8.4,7.5,6.9,5.5,5.0,6.4,9.5,12.1,12.4,8.6,2.4,-0.4,-2.2,0.8,3.1,2.9,3.4,2.2,2.5,2.7,2.3,2.7,5.2,8.0,11.4,12.1,9.7,7.2,6.8,6.3,5.4,2.7,0.2,0.6,-0.8,0.2,1.5,1.9,3.6,5.2,7.3,4.8,5.2,5.7
102,Q,DW_EXST,RCH_A,PL,,,,,,,,,,,,,,,,,,,,,,,,,1.0,0.0,-1.2,-1.4,-3.6,-5.3,-5.5,-6.0,-6.1,-5.2,-2.7,-0.8,1.3,2.4,1.0,0.6,0.5,0.3,1.0,0.8,0.5,1.7,3.5,4.4,4.7,4.7,3.8,4.6,6.4,6.8,8.0,8.7,9.3,9.4,10.9,12.0,15.1,15.4,13.7,11.1,7.8,8.3,8.8,12.2,13.8,13.7,11.6,8.3,4.5,4.1,8.8,11.6,16.4,16.0,12.0,9.8,6.2,4.0,3.5,3.1
103,Q,DW_EXST,RCH_A,PT,,,,,,,,,,,,,,,,,-3.6,-2.6,-0.8,2.3,3.3,2.0,0.2,-2.1,-3.5,-6.1,-7.3,-9.6,-10.0,-9.2,-8.3,-3.4,-5.4,-3.1,-1.0,0.6,4.7,5.6,4.3,2.8,2.1,3.4,5.2,5.1,7.9,8.5,9.1,9.2,9.2,8.9,11.5,11.8,13.0,12.6,9.2,9.5,10.0,9.2,10.8,10.9,10.8,10.4,7.3,8.0,7.0,8.1,11.5,11.9,13.6,14.7,14.7,12.7,9.7,9.0,8.1,8.1,7.6,8.3,10.5,12.4,17.0,18.3,19.1,20.9
104,Q,DW_EXST,RCH_A,RO,,,,,,,,,,,,,,,,,,,,,-7.0,-4.0,-6.5,-13.2,-11.6,-11.6,-15.4,-16.8,-9.6,-9.0,-5.5,-1.1,-0.5,-0.4,1.2,0.6,-2.8,-3.7,-2.2,0.1,3.3,3.7,3.2,3.4,2.5,6.6,7.6,7.4,6.8,8.1,7.3,6.9,6.7,5.9,5.9,5.3,3.5,2.0,4.4,5.3,8.7,6.9,2.6,1.8,1.5,3.2,7.0,8.6,6.5,6.6,3.7,3.9,1.5,-2.0,2.3,0.5,2.2,4.3,2.4,4.8,6.2,6.4,8.0,7.1
105,Q,DW_EXST,RCH_A,SE,,,,,16.9,16.4,14.2,11.0,11.8,15.2,16.3,11.6,7.1,2.7,-2.1,-5.4,-3.3,-1.7,2.5,13.1,12.6,9.6,7.5,6.7,5.3,3.5,1.8,-2.9,-2.2,0.0,1.6,4.3,4.7,5.8,6.7,8.4,9.7,9.5,11.4,11.9,13.7,15.0,15.4,15.5,11.7,8.8,7.1,6.8,8.3,9.2,7.7,1.7,-2.5,-3.8,-4.3,-1.2,0.0,1.4,2.5,3.9,5.9,3.9,5.4,7.8,9.5,14.3,13.7,11.7,10.4,5.8,-1.1,-6.9,-9.4,-8.9,-5.1,-2.6,-0.7,0.5,1.5,3.8,3.6,1.6,0.7,0.8
106,Q,DW_EXST,RCH_A,SI,,,,,,,,,,,,,9.1,5.7,6.1,-1.4,-6.5,-8.9,-11.3,-3.6,2.1,3.6,3.1,-0.4,0.8,1.4,1.2,-0.7,-6.6,-3.5,-6.2,-6.1,-4.4,-6.0,-5.7,-5.1,-7.4,-8.8,-6.7,-4.8,-0.2,2.5,0.8,-0.8,1.0,1.4,5.3,7.6,6.4,7.6,7.6,9.6,8.1,7.7,9.5,10.2,9.9,8.3,8.9,5.0,5.6,5.5,2.9,5.2,7.0,10.4,12.8,15.7,18.3,16.3,15.6,12.0,9.1,7.9,5.6,6.6,6.9,6.1,8.4,8.3,4.8,6.4,5.2,6.9
107,Q,DW_EXST,RCH_A,SK,,,,,,,,,,,,,,,,,,,,,,,,,-0.4,-0.3,-0.5,-2.7,-2.3,-2.0,-1.1,-0.9,0.8,1.1,0.5,2.7,0.0,0.9,1.7,2.8,6.1,6.7,6.6,6.2,4.9,6.0,7.8,9.0,3.4,6.9,6.3,5.0,11.4,7.3,6.1,8.0,8.1,10.3,12.2,13.3,15.4,11.0,8.5,7.8,1.5,7.3,10.4,10.5,12.9,12.7,14.5,8.5,8.8,-1.6,-4.5,-0.4,-2.8,4.4,6.6,8.4,12.4,11.4,13.7,13.4
108,Q,DW_EXST,RCH_A,TR,,,,,,,,,,,,,,,,,,,,,,,,,8.1,8.9,8.3,9.0,9.8,10.5,11.9,10.9,11.0,10.8,11.4,12.5,11.4,12.0,13.0,13.8,15.4,16.6,15.7,16.1,14.3,12.8,12.4,11.3,12.0,11.8,10.2,10.1,8.7,8.7,8.4,6.5,3.5,1.7,4.0,7.3,15.0,19.4,28.3,30.6,30.9,32.8,31.0,46.5,88.0,162.3,179.9,171.7,143.3,88.3,92.7,85.7,62.9,49.0,33.0,28.2,,,,
109,Q,DW_EXST,RCH_A,UK,,,,,6.3,7.3,8.2,10.1,10.9,10.9,10.5,8.3,3.6,-0.8,-7.2,-13.3,-15.5,-13.7,-6.7,2.0,8.4,8.8,6.0,1.5,-1.1,-2.1,-2.3,-1.4,-0.4,0.6,0.7,0.8,1.4,1.5,2.7,4.4,6.3,8.0,9.0,8.7,6.8,5.4,5.4,6.4,7.9,7.7,6.5,5.2,4.2,4.5,4.6,4.7,4.1,3.1,2.9,2.5,1.5,1.0,0.6,1.0,2.0,1.2,2.7,,,,,,,,,,,,,,,,,,,,,
110,Q,DW_EXST,RCH_Q,AT,,,,,,,,,,,,,,,,,,,,,,3.7,1.8,0.5,-0.5,3.6,1.7,0.3,1.7,0.1,3.8,0.5,-0.3,4.4,0.0,-1.2,1.4,2.5,0.4,0.5,3.7,0.8,0.9,-1.0,2.9,3.0,1.2,0.6,1.9,2.3,1.2,-0.6,2.6,2.8,1.1,0.8,0.8,3.3,1.3,0.8,2.4,1.6,3.6,-0.2,5.2,4.6,2.6,2.3,4.9,3.1,1.9,-4.3,-1.0,-0.7,-1.0,-2.3,-1.5,3.4,0.1,-1.4,1.3,1.3,0.4,0.8
111,Q,DW_EXST,RCH_Q,BE,,3.0,4.8,2.5,2.0,2.9,3.7,0.8,2.4,2.4,2.3,0.7,0.9,1.4,2.1,-1.2,-1.3,-0.8,2.9,-0.7,0.3,0.9,2.7,-0.4,0.7,0.8,2.2,-0.5,0.8,0.2,1.4,-0.3,0.1,0.1,1.4,-1.4,-0.3,0.0,1.2,0.4,-1.2,0.9,2.1,-0.4,-0.8,0.9,2.2,0.4,0.3,0.2,2.9,-0.8,0.8,0.5,1.7,0.1,0.9,0.8,2.6,0.0,-0.1,1.5,2.5,1.5,1.0,2.3,2.4,0.3,1.4,1.4,2.6,-1.0,0.9,-0.4,1.1,1.0,0.3,0.0,1.9,0.3,1.4,0.1,2.0,0.3
112,Q,DW_EXST,RCH_Q,BG,,4.3,2.9,2.4,4.7,1.6,4.6,5.5,9.3,5.4,7.5,8.8,6.8,5.9,3.1,-4.1,-12.4,-9.7,-5.0,-1.9,-2.3,-0.8,-1.2,-1.5,-2.3,-1.6,-0.8,-1.5,-0.4,0.2,-0.5,-0.7,-0.9,-0.1,-0.1,-0.1,0.2,0.3,-0.1,0.7,1.5,0.2,-1.3,3.3,1.6,3.7,0.4,2.8,1.6,4.2,1.9,2.0,1.3,2.3,0.2,1.4,1.1,1.0,1.8,0.9,2.4,-0.9,3.8,1.9,3.0,1.1,2.5,2.9,6.2,3.5,3.7,1.3,3.2,2.7,1.5,2.1,7.2,3.4,3.0,2.9,6.1,3.2,4.9,0.1
113,Q,DW_EXST,RCH_Q,CY,,,,,,,,,,,,,,,,,,,,,,-1.7,2.9,2.4,-3.7,4.4,-0.1,-2.4,-3.5,-0.8,0.2,1.2,-8.1,2.4,1.4,2.4,-2.0,-2.9,5.1,-3.0,-1.8,0.8,0.7,-1.2,-1.8,1.5,1.2,0.6,-0.9,-0.7,0.2,0.0,0.8,-3.3,0.5,0.6,-0.6,3.4,-1.2,1.5,1.3,-0.1,-0.7,1.9,-0.8,-0.3,2.8,-0.4,1.2,1.6,2.8,0.6,1.5,2.3,3.0,1.1,3.5,-0.1,1.9,-1.2,6.2,2.1,-0.3,-0.8
114,Q,DW_EXST,RCH_Q,CZ,,,,,,,,,,,,,,4.2,1.7,-0.8,-2.8,-3.6,-1.0,-0.3,0.1,0.0,-0.1,0.2,0.2,0.5,-0.4,-0.9,-0.4,0.1,-0.1,-0.4,0.0,0.5,-0.1,-0.2,1.2,0.9,0.8,0.8,1.0,0.9,1.3,1.1,1.4,1.9,2.7,4.7,2.8,2.3,1.7,1.1,2.0,2.6,2.3,2.1,2.2,2.4,2.1,2.2,1.6,1.5,2.5,2.7,6.3,5.1,6.6,5.7,4.0,3.9,1.3,-2.1,-1.4,-0.7,0.4,0.3,1.2,2.4,2.1,2.2,2.3,2.5,2.6,2.4
115,Q,DW_EXST,RCH_Q,DE,,-1.8,2.3,-3.1,1.6,0.8,-1.9,0.8,-3.7,1.5,-0.2,0.1,1.6,0.2,-2.1,0.5,-0.6,1.8,-0.7,1.4,-1.3,1.8,-0.4,-0.8,3.1,0.9,-0.8,1.0,0.7,1.4,1.6,1.3,-0.2,2.0,-0.1,0.2,0.8,2.0,0.4,-0.2,1.8,2.4,0.3,1.3,2.1,3.1,1.9,1.4,0.6,2.1,1.6,2.2,0.7,2.1,2.0,1.5,0.1,2.8,1.4,2.2,1.2,1.6,3.3,2.7,1.9,3.8,4.4,2.7,1.3,1.9,-0.9,-5.3,-3.2,-1.4,-2.0,-2.1,-0.5,1.4,0.5,0.3,1.0,1.3,0.8,-0.2
116,Q,DW_EXST,RCH_Q,DK,,5.2,7.7,6.6,7.1,6.1,1.9,-1.0,0.3,1.1,0.1,-2.1,-1.1,0.7,-2.7,-8.0,-6.4,1.1,0.9,-0.4,0.7,2.2,0.8,-1.1,-1.0,2.2,-3.5,-3.6,0.0,1.5,0.2,-0.5,1.1,3.4,0.2,-1.4,1.4,3.8,-0.5,-0.6,0.7,6.0,2.4,0.2,-3.4,5.0,3.3,-0.5,-1.7,4.3,2.3,-0.6,0.0,3.9,0.2,-1.2,0.1,2.3,1.1,-1.0,0.7,2.1,2.4,1.9,2.4,5.6,2.6,0.1,1.0,1.7,0.3,-2.4,-4.2,0.4,1.8,1.6,-2.6,3.2,3.1,0.2,2.2,1.7,2.2,1.4
117,Q,DW_EXST,RCH_Q,EA,,,,,,,,,,,,,,,,,,,,,-0.3,1.4,0.6,-0.3,0.4,1.1,-0.2,-0.8,-0.8,-0.3,-0.2,-0.6,-1.8,0.5,0.0,-0.6,-0.2,1.0,0.4,-0.7,-0.1,1.6,0.8,0.1,0.9,1.7,1.6,0.5,0.7,1.6,1.6,0.7,0.9,1.6,1.6,0.7,0.4,1.9,1.4,0.7,1.2,1.7,1.3,1.3,1.6,3.0,3.3,1.8,1.9,2.0,0.9,-2.3,-1.1,0.0,0.0,-1.1,0.0,1.8,1.5,0.5,1.4,1.8,1.5,0.5
118,Q,DW_EXST,RCH_Q,EA19,,,,,,,,,,,,,,,,,,,,,-0.3,1.4,0.6,-0.3,0.5,1.1,-0.2,-0.8,-0.8,-0.3,-0.2,-0.6,-1.8,0.6,0.0,-0.6,-0.2,1.0,0.4,-0.7,-0.1,1.6,0.8,0.1,0.9,1.7,1.6,0.5,0.7,1.6,1.6,0.7,0.9,1.6,1.6,0.7,0.4,1.9,1.4,0.7,1.2,1.7,1.3,1.3,1.6,3.0,3.3,1.8,1.9,2.0,0.9,-2.3,-1.1,0.0,0.0,-1.1,0.0,1.8,1.5,0.4,1.4,1.8,1.5,0.5
119,Q,DW_EXST,RCH_Q,EA20,,,,,,,,,,,,,,,,,,,,,-0.3,1.4,0.6,-0.3,0.5,1.0,-0.2,-0.8,-0.8,-0.3,-0.2,-0.6,-1.8,0.6,0.0,-0.6,-0.2,1.0,0.4,-0.7,0.0,1.6,0.8,0.1,1.0,1.7,1.6,0.5,0.7,1.6,1.6,0.7,0.9,1.6,1.6,0.7,0.4,1.9,1.4,0.7,1.2,1.7,1.3,1.4,1.6,3.0,3.3,1.8,1.9,2.0,0.9,-2.2,-1.1,0.0,0.0,-1.0,0.0,1.8,1.5,0.5,1.4,1.8,1.5,0.5
120,Q,DW_EXST,RCH_Q,EA21,,,,,,,,,,,,,,,,,,,,,-0.3,1.4,0.6,-0.3,0.4,1.0,-0.2,-0.8,-0.8,-0.3,-0.2,-0.6,-1.8,0.6,0.0,-0.6,-0.2,1.0,0.4,-0.7,0.0,1.6,0.8,0.1,1.0,1.7,1.6,0.5,0.7,1.6,1.6,0.7,0.9,1.6,1.6,0.7,0.4,1.9,1.4,0.7,1.2,1.7,1.3,1.4,1.6,2.9,3.3,1.8,1.9,2.1,0.9,-2.2,-1.1,0.1,0.0,-1.0,0.1,1.8,1.6,0.5,1.5,1.8,1.5,0.5
121,Q,DW_EXST,RCH_Q,EE,,12.4,7.9,14.4,15.8,15.5,5.0,6.0,0.6,5.7,-2.9,-3.2,-3.7,1.6,-5.4,-14.2,-21.7,-9.8,-6.9,3.5,6.8,-0.1,1.4,-0.5,7.6,1.8,-2.2,0.8,2.5,1.8,3.6,0.2,1.6,6.7,3.1,1.5,3.2,4.4,-0.4,-0.1,0.1,6.8,-2.8,1.6,0.7,2.6,-0.4,2.0,1.8,2.0,0.2,1.7,-1.7,2.5,2.4,2.8,-0.7,1.8,2.3,3.4,3.2,-8.2,3.0,4.3,6.3,4.8,4.2,6.4,9.1,7.6,2.4,-2.1,-4.2,5.4,1.4,-0.3,3.7,2.5,-1.5,-0.3,3.8,3.8,-1.3,0.1
122,Q,DW_EXST,RCH_Q,ES,,,,,4.2,5.2,2.8,2.3,2.0,2.7,0.2,-2.5,-1.0,-1.7,-3.6,-4.8,-3.0,-0.1,-0.5,0.1,-0.9,1.2,-2.2,0.3,-5.6,-0.9,-3.6,-4.3,-5.1,-3.7,-4.4,-1.6,-6.5,-0.1,0.1,-1.3,-0.4,1.9,0.0,0.3,-1.0,4.6,0.7,-0.3,1.3,1.4,1.0,0.7,2.1,1.9,1.9,1.1,1.3,2.6,2.2,0.3,1.1,1.4,1.6,-0.7,0.4,0.5,0.6,-1.0,0.7,2.7,1.9,1.0,2.4,2.3,1.9,-1.4,0.2,2.2,2.3,-1.0,2.2,3.7,2.8,2.0,3.2,4.2,3.3,1.8
123,Q,DW_EXST,RCH_Q,EU,,,,,,,,,,,,,,,,,,,,,-0.2,1.4,0.6,-0.7,-0.1,0.9,-0.3,-1.1,-0.7,0.1,-0.1,-0.7,-1.2,0.8,0.4,-0.3,0.3,1.5,0.9,-0.3,0.2,1.8,1.3,0.4,1.0,1.9,1.7,0.5,0.8,1.9,1.7,0.5,0.8,1.7,1.6,0.5,0.3,1.8,1.5,0.7,1.5,1.6,1.4,1.3,2.0,3.1,3.3,2.0,2.1,2.2,0.7,-2.0,-1.0,0.1,0.3,-0.7,0.4,1.9,1.5,0.7,1.6,1.6,1.6,0.7
124,Q,DW_EXST,RCH_Q,EU27_2020,,,,,,,,,,,,,,,,,,,,,-0.4,1.3,0.4,-0.3,0.3,0.9,-0.6,-1.0,-0.6,-0.3,-0.3,-0.6,-1.4,0.6,0.0,-0.5,0.0,1.1,0.4,-0.4,0.3,1.7,0.9,0.3,1.0,1.8,1.7,0.6,0.9,1.8,1.6,0.6,0.9,1.8,1.5,0.7,0.6,2.0,1.5,0.8,1.5,1.6,1.4,1.3,2.0,3.1,3.3,2.0,2.1,2.2,0.7,-2.0,-1.0,0.1,0.3,-0.7,0.4,1.9,1.5,0.7,1.6,1.6,1.6,0.7
125,Q,DW_EXST,RCH_Q,EU28,,,,,,,,,,,,,,,,,,,,,-0.3,1.4,0.6,-0.7,-0.1,0.9,-0.3,-1.1,-0.7,0.1,-0.1,-0.7,-1.2,0.8,0.4,-0.3,0.3,1.5,0.9,-0.3,0.2,1.8,1.3,0.4,1.0,1.9,1.7,0.5,0.8,1.9,1.7,0.5,0.8,1.7,1.6,0.5,0.3,1.8,1.5,0.7,,,,,,,,,,,,,,,,,,,,,,,,
126,Q,DW_EXST,RCH_Q,FI,,,,,,,,,,,,,,,,,,2.9,2.0,3.0,2.8,1.8,0.6,-0.2,1.6,1.7,-0.9,-1.3,1.7,0.9,-0.3,0.1,0.5,0.7,-0.5,-0.6,-0.3,0.5,-0.5,-1.0,0.1,0.8,-0.1,-0.7,0.6,1.3,0.1,-0.8,0.2,1.6,-0.8,-0.4,0.5,1.3,-0.8,-0.2,0.0,1.5,-1.1,-1.1,1.0,1.2,0.6,0.5,1.5,2.6,-0.3,0.0,0.1,1.8,-1.7,-3.3,-3.2,-0.2,-2.3,-0.8,-1.7,1.0,-0.2,-1.5,-1.6,1.7,-2.8,-1.2
127,Q,DW_EXST,RCH_Q,FR,,4.4,5.0,1.8,2.4,3.1,3.5,0.7,0.7,1.8,2.4,0.7,-0.7,0.0,0.5,-3.6,-4.4,-1.8,1.9,0.2,0.9,2.1,3.2,1.1,0.4,2.1,2.3,-1.2,-1.4,0.0,0.9,-1.6,-1.3,-0.2,0.8,-1.2,-1.3,0.3,0.7,-2.3,-1.2,0.1,1.6,-0.9,-0.4,0.4,2.2,-0.7,0.5,1.0,2.4,-0.7,0.2,0.9,2.5,-0.4,0.0,1.0,2.5,0.2,1.1,1.8,2.1,1.3,0.7,1.7,3.6,1.1,0.9,1.6,2.9,-0.8,-1.0,-0.6,0.5,-2.9,-2.3,-0.3,1.6,-1.2,0.1,0.0,1.7,-0.7
128,Q,DW_EXST,RCH_Q,HR,,,,,,,,,,,,,,0.2,1.8,-1.9,-1.8,-4.7,-2.2,0.0,-2.4,0.2,-1.2,-0.2,-0.7,0.3,0.6,-0.3,-0.6,-1.5,-0.4,-3.1,-1.4,0.5,-0.1,-1.0,0.0,0.9,-1.9,-0.8,1.0,-1.8,0.0,0.8,1.5,-0.5,1.1,-0.3,0.5,3.6,0.5,3.6,1.0,-0.1,2.9,1.2,3.0,3.2,0.4,3.4,3.2,1.6,-0.7,3.1,0.5,3.5,1.8,2.3,4.4,4.2,2.9,5.0,2.2,3.2,-0.1,4.7,1.4,4.2,2.5,1.4,4.0,5.2,2.9,3.4
129,Q,DW_EXST,RCH_Q,HU,,,,,,,,,,2.5,4.7,1.1,-1.8,1.2,0.4,-2.2,-0.7,-3.3,-1.2,-3.0,3.1,-0.9,-0.2,-1.9,-0.3,-0.8,-1.3,-0.6,1.0,-3.6,-1.0,-2.0,0.3,0.2,0.2,-1.4,2.0,2.0,2.0,2.4,2.5,5.6,4.4,1.7,4.5,2.3,3.0,1.5,4.3,2.5,3.0,1.9,5.1,2.9,4.3,2.7,8.6,3.4,1.5,-0.7,3.4,-2.8,4.1,-1.8,9.4,4.2,3.9,3.6,9.8,5.9,3.4,-2.5,4.1,0.0,0.6,1.1,8.9,1.8,1.0,3.9,10.2,-0.9,8.1,4.8
130,Q,DW_EXST,RCH_Q,IE,,,,,,,,,,,,,,,,,,,,,,-3.4,-2.5,-4.3,-4.8,-5.4,-6.0,-5.3,-4.8,-2.6,1.7,1.3,-2.5,0.2,6.0,3.1,1.8,5.8,8.1,3.1,-0.3,1.9,2.9,1.4,0.3,1.3,4.7,2.7,1.2,2.5,5.9,2.8,1.4,2.2,2.2,0.6,-1.2,0.3,1.6,-0.4,-1.1,-0.3,0.2,1.5,1.8,3.0,6.1,4.7,2.8,1.7,2.8,0.6,-1.6,-1.2,1.3,3.0,2.5,1.7,3.3,2.7,1.1,1.4,2.6,2.0
131,Q,DW_EXST,RCH_Q,IS,,,,,,,,,,,,,,,,,,,,,,,,,,,,,,,,,,,,,,,,,,,,,,1.6,3.9,5.4,4.6,6.6,4.3,1.0,1.4,1.2,2.1,1.2,0.6,0.7,0.7,2.4,0.9,2.1,1.8,2.2,2.2,5.3,3.4,4.0,4.2,7.7,6.3,1.4,-0.3,2.5,-0.9,2.5,1.6,2.9,3.8,0.7,0.2,1.6,1.0,0.5
132,Q,DW_EXST,RCH_Q,IT,,,,,,,,,,,,,,,,,,,,,,1.3,0.6,-0.8,-0.6,2.3,-0.7,-1.3,-1.0,-1.4,-2.3,-3.1,-3.5,-0.4,-1.9,-1.5,-1.3,-1.3,-1.4,-1.9,-2.3,0.4,0.2,-0.8,0.1,0.8,0.1,-1.0,-0.5,0.4,-0.5,-0.9,0.0,0.6,-1.0,-0.3,-0.6,1.5,-0.5,-0.4,1.2,3.2,-3.2,0.2,1.1,2.0,0.7,-0.1,1.8,1.4,-0.2,-0.7,-0.3,1.8,-0.5,-0.8,0.2,2.8,0.5,-0.1,1.7,2.4,0.3,0.8
133,Q,DW_EXST,RCH_Q,LT,,,,,,1.2,8.5,10.0,9.9,6.5,6.6,1.1,0.7,2.9,-1.3,-10.1,-20.8,-6.9,-1.1,-1.0,-4.0,3.8,-0.7,1.7,3.9,-0.4,0.5,0.6,-1.8,0.0,-1.0,-0.4,1.2,2.4,-1.5,3.0,1.6,3.6,1.9,-2.6,0.1,3.9,1.4,-1.0,1.0,3.7,2.4,1.9,1.4,3.1,1.9,0.1,2.5,2.7,0.8,0.9,2.7,2.3,1.1,0.4,3.1,2.7,0.2,3.4,6.0,3.9,5.2,5.0,4.6,5.5,2.6,-0.1,1.2,2.5,1.2,1.8,3.0,2.9,1.8,2.2,2.5,2.9,3.3,2.4
134,Q,DW_EXST,RCH_Q,LU,,,,,,,,,,0.1,4.3,-2.0,-1.0,3.2,-0.1,-1.5,-4.3,1.8,-1.6,2.6,4.3,-1.4,0.7,2.6,0.4,2.8,-2.0,5.6,-1.8,1.6,-0.1,2.9,-0.6,1.4,0.2,0.8,1.9,2.2,0.4,1.0,0.6,2.0,0.9,-0.6,2.3,1.9,3.1,1.1,0.9,2.5,-0.3,0.5,3.6,1.9,1.6,3.5,2.0,3.8,2.9,0.9,3.8,4.9,5.2,2.9,4.3,1.3,5.1,1.7,2.6,2.9,0.5,-2.0,-3.7,-3.9,-7.5,-2.9,0.3,0.0,0.7,1.4,-0.8,3.8,-3.7,0.6
135,Q,DW_EXST,RCH_Q,LV,,,,,,11.9,11.1,10.0,12.1,5.1,6.6,-3.3,8.5,-2.5,-6.7,-16.8,-17.4,-8.2,-4.1,-1.3,-8.7,-0.3,3.0,0.5,5.5,-0.1,-0.3,-3.9,0.8,2.9,0.5,2.5,0.6,5.2,-1.1,1.8,2.7,1.1,3.5,-8.2,-1.3,4.2,0.4,1.2,1.2,5.1,1.8,0.9,1.6,6.1,-0.7,0.5,4.6,4.2,-0.4,3.5,0.7,4.3,2.4,0.5,0.0,-3.0,4.6,-0.2,3.0,7.6,4.2,4.4,3.3,4.1,1.5,-2.8,0.3,3.9,-1.4,-5.0,4.0,0.2,4.2,-0.3,1.0,2.9,5.1,2.3
136,Q,DW_EXST,RCH_Q,MT,,,,,,,,,,,,,,-6.9,16.8,3.8,-7.8,-8.6,5.2,-13.6,4.5,7.8,-0.8,-9.3,3.2,5.2,1.3,-6.1,4.6,-4.0,14.3,-7.4,1.3,-4.4,12.6,0.2,-2.8,0.1,-1.3,6.2,-7.2,5.9,5.8,5.0,-8.3,6.0,4.4,3.7,-6.5,6.3,0.6,3.6,-4.1,-2.0,11.6,0.1,-4.6,2.2,3.6,5.3,-3.3,3.1,1.4,2.4,-5.4,4.2,1.9,1.9,1.0,1.1,0.9,0.5,2.9,2.1,1.5,1.3,2.2,2.1,1.4,1.3,2.0,1.8,1.4,0.6
137,Q,DW_EXST,RCH_Q,NL,,1.1,1.4,0.5,1.5,1.2,1.3,0.5,1.0,1.3,1.5,0.4,1.2,0.1,1.1,-0.8,-0.6,-2.5,-1.4,-0.8,-0.3,0.1,0.1,-1.1,-0.5,-0.5,-0.7,-1.8,-1.2,-1.9,-4.0,-0.7,-2.3,-2.1,0.5,-0.3,0.4,0.7,0.9,0.0,0.8,0.8,1.6,0.7,1.3,1.4,2.6,1.2,2.0,2.0,2.6,1.7,2.5,2.0,2.8,1.5,1.7,1.2,1.8,1.4,2.2,2.1,2.3,1.9,3.6,4.5,6.3,3.8,4.1,2.8,0.5,-2.6,-1.7,-1.7,1.3,1.7,2.4,2.9,3.7,2.1,1.8,1.8,1.8,0.5
138,Q,DW_EXST,RCH_Q,NO,,,,,,,,,,,,,,,,,,,,,,3.7,-0.5,-0.1,5.1,2.8,0.3,-0.4,3.5,2.9,1.3,-0.5,3.1,2.0,-1.4,-3.0,2.3,3.6,0.7,-0.1,4.1,2.7,0.1,-1.5,3.6,4.1,3.0,0.9,3.9,0.6,-2.9,-1.9,2.0,3.6,-0.7,-2.0,2.5,2.4,-0.4,-1.8,2.1,2.8,2.0,0.9,5.3,3.5,-0.2,-1.4,5.0,3.0,-1.1,-3.9,2.4,3.4,-2.5,-2.9,3.7,3.8,-0.9,-1.4,5.7,1.4,-0.5,-0.9
139,Q,DW_EXST,RCH_Q,PL,,,,,,,,,,,,,,,,,,,,,,2.1,-0.3,-1.0,0.2,1.1,-1.5,-1.2,-1.9,-0.7,-1.7,-1.8,-2.1,0.3,0.8,0.1,0.0,1.4,-0.6,-0.3,-0.1,1.3,0.1,-0.5,-0.3,2.5,1.8,0.4,-0.1,2.6,1.0,1.1,1.6,2.9,2.1,1.8,2.2,3.0,3.5,2.8,5.1,3.2,2.0,0.5,1.9,3.6,2.5,3.7,3.3,3.6,0.5,0.7,-0.3,3.2,5.0,3.3,4.0,2.9,1.4,1.3,0.5,0.8,0.8,1.0
140,Q,DW_EXST,RCH_Q,PT,,,,,,,,,,,,,,0.6,-1.3,-2.3,-0.6,1.6,0.5,0.8,0.3,0.3,-1.2,-1.6,-1.1,-2.4,-2.5,-4.0,-1.4,-1.6,-1.6,1.1,-3.4,0.9,0.5,2.8,0.5,1.7,-0.7,1.3,-0.2,3.0,1.1,1.2,2.5,3.5,1.7,1.2,2.5,3.2,4.1,1.5,3.6,2.9,0.9,1.9,4.0,2.2,2.4,1.9,3.9,1.8,-0.5,2.6,2.9,2.9,2.6,3.1,4.4,3.9,2.6,1.3,1.6,3.2,1.8,1.3,1.1,3.9,3.8,3.0,5.3,5.1,4.5,4.6
141,Q,DW_EXST,RCH_Q,RO,,,,,,,,,,,,,,,,,,-4.3,-0.7,4.7,-6.5,-1.2,-3.3,-2.8,-4.7,-1.3,-7.4,-4.4,3.5,-0.6,-3.9,0.0,4.2,-0.5,-2.4,-0.6,0.7,-1.4,-0.8,1.7,3.9,-1.1,-1.2,1.9,3.0,2.9,-0.3,1.7,2.4,4.1,-1.1,1.3,2.2,3.3,-1.0,0.7,0.4,1.8,1.4,1.5,3.7,0.2,-2.7,0.7,3.4,1.9,0.9,2.2,1.4,2.0,-1.9,2.4,-0.9,-1.5,2.4,0.6,0.8,0.5,0.5,3.0,2.1,0.7,2.0,2.1
142,Q,DW_EXST,RCH_Q,SE,,4.1,4.9,3.2,3.8,3.6,2.9,0.3,4.5,6.8,3.8,-3.7,0.3,2.3,-1.0,-6.9,2.6,4.0,3.3,2.7,2.1,1.2,1.3,2.0,0.7,-0.5,-0.4,-2.7,1.5,1.7,1.2,-0.1,1.9,2.8,2.0,1.5,3.1,2.6,3.7,2.0,4.8,3.7,4.2,2.0,1.4,1.0,2.6,1.7,2.8,1.8,1.1,-3.9,-1.4,0.4,0.6,-0.8,-0.2,1.8,1.7,0.5,1.7,-0.1,3.2,2.8,3.3,4.3,2.7,1.0,2.1,0.0,-4.1,-4.9,-0.7,0.6,-0.1,-2.3,1.2,1.8,0.9,-0.2,1.0,-0.1,0.0,-0.2
143,Q,DW_EXST,RCH_Q,SI,,,,,,,,,,2.8,2.1,1.9,2.0,-0.4,2.5,-5.3,-3.3,-3.0,-0.2,2.9,2.5,-1.5,-0.7,-0.6,3.7,-0.9,-0.9,-2.4,-2.5,2.4,-3.7,-2.3,-0.7,0.6,-3.4,-1.7,-3.1,-0.9,-1.1,0.3,1.5,1.8,-2.8,-1.2,3.3,2.2,0.9,0.9,2.2,3.4,0.9,2.8,0.8,3.0,2.6,3.4,0.6,1.5,3.1,-0.2,1.1,1.4,0.6,2.0,2.9,4.7,2.7,4.6,5.2,2.9,2.1,1.3,2.5,1.8,-0.2,2.3,2.7,1.1,1.9,2.2,-0.6,2.7,0.8,3.9
144,Q,DW_EXST,RCH_Q,SK,,,,,,,,,,,,,,,,,,,,,,-0.2,-0.7,0.2,0.4,-0.2,-0.9,-2.1,0.8,0.1,0.1,-1.9,2.6,0.3,-0.5,0.3,-0.2,1.2,0.3,1.4,3.1,1.7,0.2,1.0,1.9,2.7,2.0,2.2,-3.4,6.1,1.4,1.0,2.4,2.3,0.3,2.8,2.5,4.4,2.0,3.8,4.4,0.5,-0.4,3.1,-1.7,6.1,2.6,3.2,0.4,6.0,4.3,-2.3,0.7,-4.2,1.2,1.9,-1.6,2.9,3.3,3.7,2.0,2.0,5.5,3.3
145,Q,DW_EXST,RCH_Q,TR,,,,,,,,,,,,,,,,,,,,,,2.0,1.4,1.4,3.0,2.9,0.8,2.0,3.8,3.5,2.1,1.1,3.8,3.4,2.7,2.2,2.7,3.9,3.6,2.9,4.2,5.0,2.7,3.3,2.6,3.7,2.4,2.2,3.2,3.5,0.9,2.2,1.9,3.5,0.7,0.4,-1.0,1.7,2.9,3.6,6.0,5.6,10.6,5.5,6.2,7.2,9.0,18.0,36.3,49.5,16.3,14.5,22.1,15.8,19.0,10.4,7.1,5.9,6.2,6.4,,,,
146,Q,DW_EXST,RCH_Q,UK,,2.9,2.5,0.1,0.7,3.8,3.3,1.9,1.5,3.8,2.9,-0.1,-3.0,-0.6,-3.7,-6.6,-5.4,1.5,4.1,2.1,0.5,1.9,1.5,-2.3,-2.1,0.8,1.3,-1.4,-1.0,1.9,1.3,-1.3,-0.5,2.0,2.5,0.4,1.3,3.6,3.4,0.1,-0.4,2.3,3.3,1.1,1.0,2.1,2.2,-0.2,0.1,2.3,2.3,-0.1,-0.5,1.4,2.0,-0.5,-1.4,0.9,1.6,-0.1,-0.5,0.1,3.1,,,,,,,,,,,,,,,,,,,,,
147,Q,DW_NEW,I10_Q,AT,,,,,,,,,,,,,,,,,,,,,98.81,99.75,99.88,101.55,103.22,104.58,105.93,107.11,112.68,112.92,117.31,112.95,118.11,120.18,118.38,121.19,122.65,122.34,125.21,127.26,126.99,131.19,133.58,133.45,139.72,141.66,143.92,141.17,142.06,146.27,147.25,144.62,146.33,152.92,154.1,155.82,154.5,160.74,164.69,165.55,167.21,172.71,175.13,178.67,181.17,183.79,190.67,196.06,204.18,209.32,216.68,207.96,204.75,209.05,211.77,210.2,210.16,213.32,216.94,216.58,217.91,218.6,221.37,224.05
148,Q,DW_NEW,I10_Q,BE,89.6,89.8,90.01,90.74,92.33,94.34,95.26,95.81,97.79,98.82,99.11,98.9,99.91,101.21,101.01,102.28,100.97,99.72,100.47,98.92,99.4,99.82,99.99,100.79,102.94,103.23,104.45,105.07,105.66,106.12,106.05,105.61,107.85,110.1,110.04,111.3,105.88,106.0,108.75,109.37,107.89,110.63,114.78,116.17,113.85,115.55,117.92,117.82,119.03,118.58,123.71,123.73,121.63,124.97,128.54,125.34,126.05,126.82,133.31,129.75,132.85,132.89,133.83,139.26,139.59,140.69,145.43,146.95,146.84,150.78,150.77,154.54,151.4,150.9,154.05,159.09,163.16,161.23,161.99,165.62,163.64,162.53,167.72,169.7
149,Q,DW_NEW,I10_Q,BG,65.18,67.97,69.93,71.62,75.01,76.24,79.72,84.12,91.96,96.88,104.13,113.25,120.99,128.09,132.0,126.52,124.09,112.92,110.18,100.67,99.38,99.99,99.73,100.9,101.23,98.15,98.64,97.83,98.67,99.49,99.9,96.69,96.02,97.28,95.13,95.54,97.71,98.01,98.69,100.5,99.61,101.62,102.43,105.07,105.36,106.56,110.57,112.44,115.29,114.35,116.66,117.76,117.98,122.62,125.08,124.97,132.05,131.83,132.33,135.9,134.71,132.9,137.0,139.01,143.74,142.47,148.61,150.74,156.21,159.97,167.39,165.52,163.91,175.09,183.23,182.92,195.53,202.4,213.73,218.95,221.82,232.51,237.31,238.6
150,Q,DW_NEW,I10_Q,CY,,,,,,,,,,,,,,,,,,,,,101.98,100.67,99.27,98.08,98.67,100.16,97.01,93.58,93.39,93.21,98.08,95.37,93.67,93.21,90.72,87.25,84.67,92.28,89.55,89.19,84.86,88.35,90.43,87.07,82.3,80.83,91.6,97.31,88.95,102.88,103.08,100.19,94.74,93.97,101.95,100.45,110.18,117.2,109.82,107.22,114.87,119.89,115.31,121.06,106.39,115.6,120.85,114.44,115.83,118.84,133.67,122.59,133.41,132.48,137.03,138.51,144.52,144.32,148.18,145.13,149.88,144.32,152.49,153.01
151,Q,DW_NEW,I10_Q,CZ,,,,,,,,,,,,,97.0,100.3,100.3,101.7,103.9,103.9,103.6,101.1,100.1,101.0,99.8,99.2,98.9,100.0,98.4,96.8,96.6,96.5,95.4,96.9,95.6,96.5,96.5,97.0,98.1,97.5,98.1,98.8,100.5,103.2,103.6,104.2,104.6,107.2,109.3,114.6,119.6,123.6,126.4,126.6,131.0,137.8,142.6,143.7,146.2,149.4,150.8,152.2,156.9,161.4,165.9,169.0,175.9,185.1,200.8,211.6,228.4,230.8,231.2,224.4,223.5,226.0,226.5,225.9,225.7,234.4,239.9,248.1,255.0,269.4,275.2,277.0
152,Q,DW_NEW,I10_Q,DE,90.5,88.1,89.9,88.8,88.9,87.0,88.3,89.3,86.0,91.3,91.9,91.5,91.8,92.9,93.3,92.6,95.8,95.6,99.2,100.1,98.8,98.8,101.5,101.0,102.2,105.4,107.1,105.7,106.6,107.3,108.4,109.9,108.8,110.1,109.5,109.1,110.4,112.8,114.9,115.4,116.6,118.6,120.5,122.8,124.7,127.1,128.6,131.0,130.7,132.2,135.1,136.8,139.4,141.3,144.8,143.5,142.9,145.2,147.5,152.2,150.7,154.4,157.0,162.0,159.4,165.2,169.9,175.5,173.5,178.4,180.5,179.1,175.1,172.6,173.9,172.0,171.2,173.8,176.5,175.8,179.3,178.1,178.9,180.7
153,Q,DW_NEW,I10_Q,DK,67.2,75.5,82.46,87.94,92.4,102.67,108.95,108.28,110.34,116.76,119.58,122.6,116.72,108.64,109.04,104.4,99.69,103.99,101.18,100.53,99.94,99.98,99.95,100.13,104.83,110.79,119.55,115.22,120.65,116.59,127.02,135.93,183.21,215.11,195.03,198.68,211.3,211.41,206.58,255.46,260.17,242.1,242.1,243.71,244.44,245.4,245.4,246.61,247.09,246.61,246.85,247.58,249.02,251.92,251.92,252.89,252.41,253.61,252.65,254.34,254.58,256.03,254.82,255.06,257.96,263.76,267.62,272.7,280.18,290.81,298.54,302.16,304.34,306.99,304.58,306.99,310.71,314.7,312.57,312.84,317.2,321.26,319.34,319.23
154,Q,DW_NEW,I10_Q,EA,,,,,,,,,,,,,,,,,,,,99.98,99.29,99.93,100.21,100.57,100.83,100.99,100.56,98.8,97.6,97.26,96.56,96.57,95.77,95.52,95.82,95.44,95.33,95.73,96.51,96.56,96.74,97.89,99.3,99.68,100.33,101.79,102.81,103.54,103.8,105.18,106.56,107.69,108.6,110.17,111.74,112.33,112.95,114.75,116.48,118.04,119.0,120.39,122.35,124.33,124.88,127.17,130.59,133.66,135.39,139.74,140.78,141.77,142.01,143.29,145.04,145.95,146.57,149.46,152.05,153.7,153.96,155.76,157.89,159.99
155,Q,DW_NEW,I10_Q,EA19,,,,,,,,,,,,,,,,,,,,99.91,99.28,99.92,100.22,100.59,100.87,101.07,100.67,98.92,97.76,97.38,96.77,96.74,95.94,95.68,96.0,95.65,95.54,95.98,96.75,96.81,96.99,98.14,99.55,99.94,100.58,102.05,103.07,103.81,104.07,105.45,106.84,107.97,108.88,110.45,112.03,112.61,113.24,115.04,116.78,118.34,119.3,120.7,122.66,124.65,125.2,127.5,130.92,134.0,135.73,140.1,141.14,142.14,142.37,143.61,145.36,146.33,146.92,149.78,152.38,154.03,154.19,155.99,158.1,160.16
156,Q,DW_NEW,I10_Q,EA20,,,,,,,,,,,,,,,,,,,,99.96,99.31,99.91,100.2,100.57,100.84,101.08,100.7,98.99,97.84,97.45,96.83,96.76,95.99,95.7,96.03,95.66,95.53,95.98,96.76,96.81,96.92,98.04,99.46,99.82,100.46,101.9,102.91,103.63,103.88,105.27,106.65,107.78,108.69,110.25,111.83,112.41,113.07,114.85,116.6,118.14,119.09,120.5,122.45,124.41,124.98,127.29,130.7,133.78,135.58,139.91,140.97,141.99,142.23,143.5,145.26,146.18,146.8,149.69,152.28,153.93,154.19,156.0,158.13,160.23
157,Q,DW_NEW,I10_Q,EA21,,,,,,,,,,,,,,,,,,,,99.96,99.31,99.91,100.2,100.57,100.84,101.07,100.69,98.98,97.86,97.5,96.89,96.77,96.0,95.74,96.03,95.67,95.59,96.03,96.81,96.89,96.99,98.12,99.53,99.94,100.57,102.0,103.07,103.81,104.1,105.46,106.86,107.99,108.88,110.49,112.09,112.66,113.43,115.18,116.9,118.48,119.39,120.74,122.73,124.69,125.34,127.58,131.04,134.11,135.98,140.3,141.49,142.45,142.65,144.13,146.02,146.91,147.75,150.72,153.47,155.19,155.5,157.48,159.67,161.75
158,Q,DW_NEW,I10_Q,EE,73.07,82.91,84.23,93.29,100.64,99.87,111.46,134.14,144.37,155.15,150.8,152.79,149.83,133.26,147.33,125.49,98.89,96.96,88.93,79.58,96.46,99.0,106.66,97.87,97.97,103.83,117.16,118.79,117.28,125.1,125.44,119.16,127.2,123.2,136.75,143.84,156.12,146.09,168.52,167.64,181.73,176.46,176.19,174.94,172.12,179.34,198.07,197.58,191.54,187.0,202.93,204.3,216.2,214.58,208.85,214.7,225.1,224.86,230.76,235.86,252.32,245.7,249.34,256.84,274.58,274.88,281.6,300.64,312.33,339.18,333.54,347.42,366.45,373.91,365.57,384.35,378.16,390.56,397.04,391.53,392.84,404.61,408.12,400.68
159,Q,DW_NEW,I10_Q,ES,,,,84.52,87.12,89.73,93.2,95.97,98.71,101.68,103.82,105.37,105.77,107.1,107.67,106.21,103.67,102.95,101.65,100.82,99.3,101.19,99.95,99.56,98.26,96.83,93.43,87.78,83.54,81.41,79.08,78.2,76.92,75.1,76.86,75.97,76.09,76.56,77.46,77.39,79.12,80.29,80.78,81.87,83.81,86.99,86.69,85.34,88.56,91.05,92.4,91.7,93.55,95.98,97.91,99.2,103.48,103.03,104.84,104.42,109.82,107.38,112.48,113.04,112.42,113.7,117.02,119.67,123.57,123.55,124.69,127.05,131.08,133.15,138.27,136.46,143.99,147.86,152.06,153.31,161.72,165.99,166.76,170.46
160,Q,DW_NEW,I10_Q,EU,,,,,,,,,,,,,,,,,,,,99.98,99.31,99.89,100.19,100.61,100.85,101.02,100.75,99.38,98.37,98.1,97.49,97.64,96.52,96.32,96.48,96.39,96.37,97.33,97.93,98.16,98.37,99.47,100.83,101.19,102.03,103.33,104.39,105.45,105.62,107.2,108.53,109.71,111.01,112.5,114.03,114.95,115.9,117.38,119.05,120.42,121.65,122.86,124.68,126.6,127.82,130.27,133.71,137.5,140.35,144.37,146.42,147.95,148.23,150.41,153.25,155.98,158.06,161.32,164.08,165.76,166.57,168.7,171.11,173.56
161,Q,DW_NEW,I10_Q,EU27_2020,,,,,,,,,,,,,,,,,,,,100.08,99.39,99.89,100.14,100.58,100.8,100.98,100.71,99.33,98.34,97.96,97.37,97.33,96.26,95.89,95.96,95.71,95.62,96.37,96.92,97.11,97.28,98.41,99.7,99.93,100.65,101.77,102.89,103.89,103.99,105.59,106.86,108.08,109.16,110.87,112.34,113.4,114.33,116.01,117.56,119.31,120.52,121.72,123.53,125.43,126.64,129.07,132.47,136.22,139.05,143.03,145.07,146.58,146.86,149.02,151.83,154.53,156.59,159.83,162.56,164.22,165.03,167.13,169.53,171.96
162,Q,DW_NEW,I10_Q,EU28,,,,,,,,,,,,,,,,,,,,100.01,99.35,99.89,100.17,100.59,100.83,101.03,100.77,99.43,98.42,98.15,97.53,97.64,96.52,96.33,96.48,96.4,96.38,97.34,97.93,98.17,98.37,99.48,100.84,101.19,102.03,103.33,104.39,105.46,105.62,107.21,108.53,109.71,111.01,112.5,114.03,114.95,115.9,117.39,119.05,120.43,,,,,,,,,,,,,,,,,,,,,,,,
163,Q,DW_NEW,I10_Q,FI,,,,,,,,,,,,,,,,,98.94,97.81,98.28,98.54,99.54,98.71,100.7,101.06,101.85,103.91,105.04,106.05,107.68,109.29,109.76,110.51,111.55,111.41,112.15,111.44,112.64,112.93,112.56,113.03,112.63,114.52,114.05,114.8,116.46,115.89,117.81,116.7,120.23,121.48,121.33,121.25,122.93,123.4,125.08,123.77,123.38,125.21,127.03,128.38,129.19,129.83,129.46,133.91,135.96,138.3,138.11,139.24,143.88,143.74,146.53,141.66,142.21,149.16,141.56,139.36,142.35,139.24,137.52,139.92,145.35,137.81,137.72,144.16
164,Q,DW_NEW,I10_Q,FR,80.09,82.77,84.58,86.71,88.17,90.85,91.59,92.87,93.99,95.59,96.76,96.72,96.55,98.73,97.48,95.99,96.38,97.46,97.41,98.27,98.15,99.85,100.34,101.67,103.67,104.74,105.29,105.72,104.67,104.93,103.85,103.61,102.84,103.34,104.94,104.36,103.83,103.31,104.52,104.36,104.97,105.81,106.17,106.12,105.85,106.99,108.41,109.08,110.7,111.62,111.84,113.14,113.6,114.38,114.27,116.3,116.14,118.57,119.52,120.9,121.54,121.25,122.78,123.93,125.6,127.22,128.59,130.65,131.61,135.37,137.14,137.68,137.52,137.97,137.48,136.49,135.71,135.96,137.05,137.19,138.4,138.86,138.46,137.45
165,Q,DW_NEW,I10_Q,HR,,,,,,,,,,,,,109.57,111.17,113.45,109.17,111.29,109.97,108.77,104.0,102.56,99.21,98.69,99.54,98.4,101.72,102.55,104.42,103.9,102.76,101.58,97.77,99.68,97.29,98.34,96.68,94.78,95.59,97.09,96.2,90.81,88.82,90.91,89.55,89.19,86.24,87.03,85.38,83.6,87.06,88.01,88.88,89.15,88.68,90.72,91.37,98.13,95.92,98.19,97.66,96.95,100.23,99.77,97.82,102.06,106.92,108.29,112.51,122.82,123.93,127.14,131.12,132.27,139.27,142.81,136.02,140.47,146.84,149.05,150.95,160.56,162.97,167.27,173.19
166,Q,DW_NEW,I10_Q,HU,,,,,,,,,105.13,107.4,107.02,106.43,107.13,109.38,109.74,109.24,109.33,107.54,103.15,101.82,100.3,101.88,99.9,97.92,98.14,97.0,95.52,96.36,97.15,96.07,97.63,95.79,96.48,97.9,97.83,98.66,99.54,103.74,102.8,101.31,106.74,108.94,114.57,112.06,118.26,122.26,122.09,124.4,135.57,142.7,146.78,153.27,160.7,162.34,166.98,167.54,177.57,182.26,185.82,182.96,198.69,203.33,207.05,209.46,229.41,241.65,247.45,259.55,284.7,296.6,297.79,309.2,319.83,345.99,341.95,361.23,380.45,386.93,393.21,411.95,424.73,420.93,426.13,422.67
167,Q,DW_NEW,I10_Q,IE,,,,,,,,,,,,,,,,,,,,,105.85,102.14,98.31,93.7,90.2,86.23,81.21,76.18,74.23,73.74,72.48,70.97,66.93,66.18,68.03,68.44,68.49,71.06,76.8,79.81,80.3,83.8,87.73,89.81,90.91,90.68,92.48,93.63,94.36,95.33,98.64,99.45,102.64,106.01,108.28,109.25,109.28,110.5,111.7,111.94,112.17,112.84,113.54,114.29,114.96,115.36,117.2,120.36,122.08,124.42,127.89,132.55,135.54,138.15,141.21,144.76,147.01,148.33,150.24,152.41,153.09,154.74,158.48,161.57
168,Q,DW_NEW,I10_Q,IT,,,,,,,,,,,,,,,,,,,,,98.7,99.2,100.3,101.8,101.5,103.2,103.6,104.4,105.1,106.0,105.3,105.7,104.7,104.6,104.0,102.9,101.9,101.5,101.0,100.6,98.6,98.0,100.9,99.5,99.5,99.7,100.1,100.6,98.2,99.2,98.9,100.7,99.2,100.4,100.5,101.3,100.7,101.0,101.8,102.7,101.7,103.6,104.8,104.6,105.7,105.7,109.0,110.2,111.0,118.5,112.1,115.1,116.8,119.2,121.0,125.3,122.9,128.8,131.7,136.8,124.8,130.2,133.4,135.2
169,Q,DW_NEW,I10_Q,LT,,,,,104.72,104.89,120.54,137.19,128.09,126.65,134.53,139.4,151.14,158.15,154.03,150.84,121.94,117.72,107.83,98.21,100.56,99.58,98.74,101.13,107.13,113.21,109.39,110.88,119.16,111.81,124.49,121.61,120.31,117.91,114.67,115.98,117.5,124.48,124.78,125.86,129.31,130.14,132.92,126.0,126.39,128.27,136.52,138.52,140.76,145.21,147.69,148.47,151.92,156.07,158.73,160.61,165.64,165.37,166.35,170.42,173.1,174.89,176.63,185.4,191.83,196.79,208.05,216.89,225.77,241.05,250.38,265.06,272.47,278.21,290.26,293.27,304.58,312.16,311.06,319.05,325.49,333.26,339.64,347.37
170,Q,DW_NEW,I10_Q,LU,,,,,,,,,84.76,86.12,89.35,90.96,91.37,93.57,92.87,95.45,95.84,94.95,95.03,96.79,99.67,98.32,101.63,100.39,98.46,100.2,103.92,103.44,103.0,105.55,106.38,109.27,110.96,112.12,115.35,118.27,109.03,116.43,120.08,123.12,123.01,125.96,128.77,129.31,129.58,135.15,133.31,137.44,138.35,140.31,141.39,144.69,146.97,145.36,151.59,152.62,150.07,162.03,163.84,171.51,178.83,184.52,181.58,196.22,205.49,205.76,201.2,216.75,223.21,224.34,238.0,237.18,222.42,229.38,219.64,219.25,209.72,219.44,214.04,214.02,209.62,225.57,220.03,218.36
171,Q,DW_NEW,I10_Q,LV,,,,,120.91,126.62,136.43,141.95,164.89,155.68,176.81,184.52,184.85,188.15,175.26,152.92,121.14,99.07,109.78,100.53,94.86,97.26,98.62,109.25,106.83,123.06,154.05,150.36,155.99,145.5,163.52,153.85,151.17,151.0,166.31,175.27,177.01,181.67,191.73,148.88,156.96,158.89,159.15,170.65,166.6,182.33,172.32,172.81,180.49,186.28,195.35,190.14,206.9,201.7,190.9,198.94,201.78,214.26,228.14,224.3,233.32,233.46,229.62,238.71,229.86,234.83,239.1,244.06,242.28,268.85,268.39,291.0,287.12,310.79,310.85,325.17,318.94,346.03,348.36,338.94,339.51,349.88,361.93,360.72
172,Q,DW_NEW,I10_Q,MT,,,,,,,,,,,,,103.3,100.04,103.3,100.04,97.86,97.85,97.86,97.86,101.73,98.45,103.08,96.74,97.36,98.62,98.45,97.44,98.45,98.45,103.07,103.31,98.62,98.45,100.08,97.74,98.62,98.45,101.47,104.22,103.1,102.21,109.7,112.38,107.58,109.01,114.27,117.81,112.6,114.91,120.53,124.16,118.27,125.06,125.97,132.31,126.88,131.95,135.65,139.64,132.99,135.2,137.73,141.17,140.48,143.75,147.25,148.46,148.99,155.32,157.13,158.3,160.59,162.82,165.25,168.19,171.14,173.9,176.66,178.54,180.72,183.15,186.82,189.61
173,Q,DW_NEW,I10_Q,NL,97.35,98.17,99.97,100.1,99.97,101.62,102.31,104.52,106.86,106.58,110.17,113.48,108.93,109.34,111.41,103.96,101.07,96.52,98.03,101.34,100.38,99.14,99.28,101.21,103.69,99.0,99.55,97.62,92.11,91.97,88.66,95.14,89.35,87.28,89.62,89.49,89.62,88.8,87.14,90.31,92.33,93.75,96.9,96.2,95.72,97.81,99.33,101.58,103.47,102.76,106.91,112.58,112.87,114.25,120.21,120.78,122.92,125.69,127.85,130.7,131.52,137.28,141.87,141.06,146.58,152.26,154.38,159.44,165.09,172.69,176.57,177.38,176.8,179.71,179.0,181.92,180.31,180.23,187.2,192.15,197.18,194.62,201.05,204.01
174,Q,DW_NEW,I10_Q,NO,,,,,,,,,,,,,,,,,,,,,97.58,101.16,100.66,100.59,105.75,107.82,108.4,112.28,112.55,116.92,115.58,118.58,121.34,120.95,122.18,121.31,120.35,125.01,125.84,126.14,129.13,131.4,132.31,133.33,134.2,140.21,142.18,146.8,148.45,149.3,145.41,149.9,149.4,148.89,151.42,156.39,158.21,163.13,159.95,162.94,165.1,169.32,173.47,171.74,175.53,179.79,185.37,187.19,192.69,192.17,199.51,194.06,203.51,203.17,200.6,207.05,207.73,212.93,215.06,214.09,217.06,226.41,225.18,226.9
175,Q,DW_NEW,I10_Q,PL,,,,,,,,,,,,,,,,,,,,,99.46,98.88,99.93,101.73,101.12,100.88,100.61,101.71,101.46,100.85,100.07,100.22,96.98,96.15,94.9,94.85,94.13,97.1,96.43,97.23,97.71,99.18,99.53,98.51,99.11,98.14,100.02,101.93,100.97,102.46,103.53,105.0,106.42,108.02,108.39,111.69,113.52,115.3,115.72,119.02,120.94,121.37,123.98,126.11,128.69,131.85,135.48,141.17,145.8,146.16,152.76,155.92,156.15,161.31,167.77,178.29,186.68,192.32,195.82,197.9,199.77,202.94,204.88,209.26
176,Q,DW_NEW,I10_Q,PT,,,,,,,,,,,,,102.26,102.4,97.52,96.93,99.39,99.61,99.12,99.07,99.88,100.39,100.09,99.64,99.34,97.44,96.82,94.65,93.28,90.31,90.1,90.16,90.44,88.76,89.23,90.68,93.09,94.51,94.52,91.81,92.02,96.88,95.11,96.26,96.34,98.36,98.64,99.6,100.37,103.64,105.45,105.49,110.09,110.15,111.41,114.41,116.71,121.58,123.05,123.85,128.33,130.19,129.84,133.35,135.33,139.4,144.98,147.47,150.14,151.07,157.16,157.91,158.76,163.13,166.32,168.84,167.55,173.95,179.72,184.95,191.8,199.17,205.0,210.32
177,Q,DW_NEW,I10_Q,RO,,,,,,,,,,,,,,,,,110.79,106.02,107.26,104.97,105.25,102.06,96.22,96.47,96.67,91.69,98.3,99.71,98.73,98.43,96.76,99.16,95.0,94.17,92.08,92.77,94.69,92.4,90.93,92.11,92.22,89.77,91.76,90.4,95.32,97.63,94.46,96.37,92.38,100.0,96.03,96.42,97.87,99.95,100.71,101.72,100.25,100.6,102.5,104.21,106.53,106.43,103.87,106.88,107.19,108.13,104.95,110.33,112.92,120.9,121.11,124.46,125.27,126.16,132.79,136.95,140.16,141.01,141.83,140.43,143.41,143.21,147.4,148.85
178,Q,DW_NEW,I10_Q,SE,78.27,78.77,78.57,78.74,80.56,80.28,81.69,83.11,83.75,86.29,88.36,89.51,89.59,89.78,90.23,92.71,95.95,95.06,95.69,98.31,97.84,99.1,101.3,101.76,103.44,105.63,106.15,107.32,107.16,107.44,108.54,108.97,108.59,105.34,105.86,107.68,109.38,109.82,110.86,110.13,110.45,111.13,112.65,115.88,116.98,119.7,120.31,121.0,123.07,124.14,128.31,132.11,134.62,137.27,140.74,144.2,145.37,144.69,147.31,145.72,144.91,146.0,143.67,139.57,142.8,142.25,145.37,149.41,157.95,163.39,168.04,174.94,174.46,173.57,169.95,166.94,163.55,160.79,159.19,156.76,154.76,153.29,156.15,161.94
179,Q,DW_NEW,I10_Q,SI,,,,,,,,,99.34,100.13,105.93,115.59,116.35,116.46,117.67,117.44,105.18,104.51,100.4,100.4,98.58,101.4,99.45,100.56,106.54,107.11,102.59,104.73,97.64,96.64,96.06,90.59,94.01,95.13,84.95,87.97,89.72,83.64,82.83,84.98,85.85,89.66,83.47,88.44,85.52,85.64,85.96,91.46,92.48,95.43,95.5,102.03,108.82,103.36,104.27,100.78,105.14,106.31,101.63,104.57,104.64,112.06,107.16,110.13,117.77,120.69,121.42,128.28,120.84,129.75,135.74,138.51,129.57,133.02,144.25,152.45,151.32,156.73,156.44,157.98,144.08,158.34,141.6,158.1
180,Q,DW_NEW,I10_Q,SK,,,,,,,,,,,,,,,,,,,,,101.48,100.06,99.26,99.2,98.92,94.84,98.11,97.81,93.97,91.02,92.83,90.67,92.17,92.13,91.99,91.24,91.16,93.45,92.5,95.51,94.0,96.29,95.94,97.18,98.72,101.76,102.35,103.13,102.42,107.31,111.99,111.22,115.61,114.41,112.86,116.02,117.09,120.01,124.77,124.34,128.48,129.29,134.21,132.38,131.84,130.42,140.97,146.79,153.25,160.52,161.58,163.93,159.3,154.06,153.56,156.73,153.29,158.66,159.91,165.68,170.38,175.36,178.76,181.86
181,Q,DW_NEW,I10_Q,TR,,,,,,,,,,,,,,,,,,,,,97.43,98.83,100.83,102.9,105.35,108.08,109.72,112.3,116.01,119.5,123.26,124.96,129.25,133.12,138.0,139.99,142.14,146.52,151.92,156.36,162.2,168.43,174.49,178.49,183.53,189.16,193.07,198.4,204.69,209.51,213.0,218.77,223.64,230.4,232.75,235.13,237.04,238.91,247.71,259.64,278.81,292.79,323.74,345.21,368.01,405.47,450.71,535.41,720.34,1093.95,1214.13,1387.29,1735.17,2024.2,2423.0,2701.51,2845.07,3052.42,3225.0,3475.15,,,,
182,Q,DW_NEW,I10_Q,UK,93.87,96.95,98.56,99.89,100.02,103.1,104.44,106.48,107.44,111.51,113.57,113.66,113.58,112.57,106.33,99.31,96.22,96.02,97.81,98.81,98.47,99.88,100.73,100.92,101.22,101.9,101.73,101.18,99.94,101.32,100.32,102.77,100.79,103.33,104.78,107.28,108.4,112.67,113.84,114.81,115.54,116.18,118.97,121.89,125.08,129.9,129.7,132.08,133.85,134.76,137.22,137.33,141.58,140.27,142.63,141.71,143.08,141.65,145.07,140.95,145.43,144.68,148.43,,,,,,,,,,,,,,,,,,,,,
183,Q,DW_NEW,I15_Q,AT,,,,,,,,,,,,,,,,,,,,,75.25,75.97,76.07,77.34,78.61,79.65,80.67,81.57,85.81,86.0,89.34,86.02,89.95,91.53,90.15,92.29,93.41,93.17,95.36,96.92,96.72,99.91,101.73,101.64,106.41,107.88,109.61,107.51,108.19,111.4,112.14,110.14,111.44,116.46,117.36,118.67,117.67,122.42,125.43,126.08,127.34,131.53,133.37,136.08,137.98,139.97,145.21,149.32,155.5,159.42,165.02,158.38,155.93,159.21,161.28,160.09,160.05,162.46,165.22,164.94,165.96,166.48,168.59,170.64
184,Q,DW_NEW,I15_Q,BE,79.74,79.91,80.1,80.75,82.16,83.96,84.78,85.26,87.03,87.94,88.2,88.01,88.91,90.07,89.89,91.03,89.86,88.74,89.41,88.03,88.46,88.83,88.98,89.7,91.61,91.87,92.96,93.5,94.03,94.44,94.37,93.98,95.98,97.98,97.93,99.05,94.22,94.34,96.78,97.33,96.01,98.45,102.15,103.38,101.32,102.83,104.94,104.85,105.92,105.53,110.09,110.11,108.24,111.21,114.39,111.54,112.17,112.86,118.64,115.47,118.22,118.26,119.1,123.93,124.22,125.2,129.43,130.78,130.68,134.18,134.17,137.53,134.73,134.29,137.09,141.58,145.2,143.48,144.16,147.39,145.62,144.64,149.25,151.02
185,Q,DW_NEW,I15_Q,BG,63.79,66.52,68.44,70.09,73.41,74.62,78.02,82.32,89.99,94.81,101.91,110.83,118.4,125.36,129.18,123.82,121.44,110.5,107.82,98.52,97.26,97.85,97.6,98.74,99.06,96.05,96.53,95.74,96.57,97.37,97.77,94.62,93.97,95.2,93.1,93.5,95.62,95.92,96.58,98.35,97.48,99.45,100.24,102.83,103.12,104.28,108.21,110.03,112.83,111.91,114.17,115.24,115.46,120.0,122.41,122.3,129.23,129.02,129.5,133.0,131.83,130.06,134.07,136.04,140.67,139.43,145.44,147.52,152.88,156.55,163.82,161.98,160.41,171.35,179.31,179.02,191.35,198.08,209.17,214.27,217.08,227.55,232.24,233.51
186,Q,DW_NEW,I15_Q,CY,,,,,,,,,,,,,,,,,,,,,116.32,114.81,113.22,111.87,112.54,114.24,110.64,106.73,106.52,106.31,111.87,108.78,106.84,106.31,103.47,99.52,96.57,105.25,102.14,101.73,96.79,100.77,103.14,99.3,93.87,92.19,104.47,110.99,101.45,117.34,117.57,114.27,108.06,107.18,116.28,114.57,125.67,133.67,125.26,122.29,131.02,136.74,131.52,138.07,121.34,131.85,137.84,130.52,132.11,135.54,152.45,139.82,152.16,151.1,156.29,157.97,164.84,164.6,169.01,165.53,170.94,164.6,173.92,174.51
187,Q,DW_NEW,I15_Q,CZ,,,,,,,,,,,,,94.3,97.5,97.4,98.9,100.9,101.0,100.7,98.3,97.3,98.2,97.0,96.4,96.1,97.2,95.6,94.1,93.9,93.8,92.7,94.1,92.9,93.8,93.8,94.3,95.3,94.8,95.3,96.1,97.7,100.3,100.7,101.3,101.7,104.2,106.2,111.4,116.2,120.2,122.9,123.0,127.3,133.9,138.6,139.6,142.1,145.3,146.6,147.9,152.5,156.8,161.2,164.3,171.0,179.9,195.2,205.7,222.0,224.4,224.7,218.2,217.3,219.7,220.1,219.6,219.3,227.8,233.2,241.2,247.8,261.9,267.5,269.3
188,Q,DW_NEW,I15_Q,DE,75.6,73.6,75.1,74.2,74.3,72.7,73.8,74.6,71.9,76.3,76.8,76.5,76.7,77.6,78.0,77.4,80.1,79.9,82.9,83.6,82.6,82.6,84.8,84.4,85.4,88.1,89.5,88.3,89.1,89.7,90.6,91.8,90.9,92.0,91.5,91.2,92.3,94.3,96.1,96.5,97.5,99.1,100.7,102.7,104.2,106.2,107.5,109.5,109.3,110.5,112.9,114.4,116.5,118.1,121.0,120.0,119.5,121.4,123.3,127.2,126.0,129.1,131.2,135.4,133.3,138.1,142.0,146.7,145.0,149.1,150.8,149.7,146.4,144.3,145.4,143.7,143.1,145.3,147.5,147.0,149.8,148.8,149.6,151.1
189,Q,DW_NEW,I15_Q,DK,27.21,30.57,33.38,35.6,37.41,41.56,44.11,43.83,44.67,47.27,48.41,49.63,47.25,43.98,44.14,42.27,40.36,42.1,40.96,40.7,40.46,40.48,40.46,40.53,42.44,44.85,48.4,46.64,48.84,47.2,51.42,55.03,74.17,87.08,78.95,80.43,85.54,85.58,83.63,103.42,105.32,98.01,98.01,98.66,98.95,99.34,99.34,99.83,100.03,99.83,99.93,100.22,100.81,101.98,101.98,102.38,102.18,102.67,102.28,102.96,103.06,103.65,103.16,103.26,104.43,106.78,108.34,110.39,113.43,117.73,120.86,122.32,123.2,124.28,123.3,124.28,125.78,127.4,126.54,126.64,128.41,130.05,129.28,129.23
190,Q,DW_NEW,I15_Q,EA,,,,,,,,,,,,,,,,,,,,101.6,100.9,101.55,101.83,102.2,102.47,102.63,102.19,100.4,99.18,98.83,98.13,98.13,97.32,97.07,97.38,96.99,96.87,97.29,98.07,98.13,98.31,99.48,100.91,101.3,101.95,103.44,104.47,105.22,105.49,106.89,108.29,109.44,110.36,111.95,113.55,114.15,114.78,116.61,118.37,119.95,120.92,122.34,124.33,126.34,126.9,129.23,132.7,135.83,137.58,142.0,143.06,144.07,144.31,145.61,147.39,148.32,148.95,151.88,154.51,156.19,156.45,158.28,160.45,162.58
191,Q,DW_NEW,I15_Q,EA19,,,,,,,,,,,,,,,,,,,,101.27,100.63,101.28,101.58,101.95,102.24,102.44,102.04,100.27,99.09,98.71,98.08,98.06,97.25,96.98,97.3,96.95,96.84,97.29,98.07,98.13,98.31,99.48,100.91,101.3,101.95,103.44,104.47,105.22,105.49,106.89,108.29,109.44,110.36,111.95,113.55,114.15,114.78,116.61,118.37,119.95,120.92,122.34,124.33,126.34,126.9,129.23,132.7,135.83,137.58,142.0,143.06,144.07,144.31,145.57,147.34,148.32,148.92,151.82,154.45,156.13,156.29,158.11,160.25,162.34
192,Q,DW_NEW,I15_Q,EA20,,,,,,,,,,,,,,,,,,,,101.42,100.77,101.37,101.67,102.04,102.31,102.56,102.17,100.43,99.27,98.87,98.24,98.17,97.39,97.1,97.43,97.06,96.93,97.38,98.17,98.22,98.34,99.47,100.91,101.28,101.93,103.39,104.42,105.14,105.39,106.81,108.21,109.36,110.28,111.86,113.46,114.06,114.73,116.53,118.3,119.87,120.83,122.26,124.24,126.23,126.8,129.15,132.61,135.74,137.56,141.96,143.03,144.06,144.3,145.6,147.38,148.31,148.94,151.87,154.51,156.18,156.44,158.28,160.44,162.57
193,Q,DW_NEW,I15_Q,EA21,,,,,,,,,,,,,,,,,,,,101.33,100.68,101.29,101.58,101.96,102.23,102.46,102.07,100.34,99.21,98.84,98.22,98.1,97.32,97.06,97.35,96.99,96.9,97.35,98.14,98.22,98.32,99.47,100.9,101.31,101.95,103.41,104.49,105.24,105.54,106.91,108.33,109.47,110.38,112.01,113.63,114.21,114.99,116.76,118.51,120.11,121.03,122.4,124.42,126.41,127.06,129.33,132.84,135.96,137.85,142.23,143.44,144.41,144.61,146.12,148.03,148.93,149.78,152.79,155.58,157.33,157.64,159.65,161.86,163.98
194,Q,DW_NEW,I15_Q,EE,41.21,46.76,47.5,52.61,56.75,56.32,62.85,75.64,81.41,87.49,85.04,86.16,84.49,75.15,83.08,70.77,55.76,54.68,50.15,44.88,54.4,55.83,60.15,55.19,55.24,58.55,66.07,66.99,66.13,70.54,70.74,67.2,71.73,69.48,77.11,81.11,88.04,82.38,95.03,94.53,102.48,99.51,99.36,98.65,97.06,101.13,111.69,111.42,108.01,105.45,114.44,115.21,121.92,121.01,117.78,121.07,126.94,126.8,130.13,133.0,142.29,138.56,140.6,144.84,154.84,155.01,158.8,169.53,176.13,191.27,188.09,195.91,206.65,210.85,206.15,216.74,213.25,220.24,223.9,220.79,221.53,228.17,230.14,225.95
195,Q,DW_NEW,I15_Q,ES,,,,104.97,108.21,111.45,115.75,119.2,122.6,126.29,128.95,130.87,131.37,133.02,133.72,131.92,128.76,127.87,126.25,125.22,123.33,125.68,124.14,123.66,122.04,120.26,116.04,109.03,103.76,101.11,98.21,97.13,95.54,93.28,95.46,94.36,94.5,95.08,96.21,96.12,98.27,99.72,100.33,101.68,104.1,108.04,107.66,105.99,109.99,113.09,114.76,113.89,116.19,119.21,121.61,123.2,128.52,127.96,130.21,129.69,136.4,133.37,139.71,140.4,139.63,141.22,145.34,148.63,153.47,153.45,154.87,157.8,162.8,165.37,171.74,169.49,178.84,183.65,188.86,190.41,200.85,206.17,207.12,211.71
196,Q,DW_NEW,I15_Q,EU,,,,,,,,,,,,,,,,,,,,100.01,99.35,99.93,100.22,100.64,100.88,101.05,100.78,99.41,98.4,98.13,97.53,97.67,96.55,96.36,96.51,96.43,96.41,97.37,97.96,98.2,98.4,99.51,100.87,101.22,102.06,103.36,104.42,105.49,105.66,107.24,108.56,109.74,111.04,112.54,114.07,114.99,115.94,117.42,119.09,120.46,121.69,122.9,124.72,126.65,127.86,130.32,133.76,137.54,140.39,144.42,146.47,148.0,148.28,150.46,153.3,156.03,158.11,161.37,164.14,165.82,166.62,168.75,171.17,173.62
197,Q,DW_NEW,I15_Q,EU27_2020,,,,,,,,,,,,,,,,,,,,101.26,100.57,101.07,101.33,101.77,102.0,102.18,101.91,100.51,99.5,99.12,98.53,98.48,97.4,97.03,97.1,96.85,96.75,97.51,98.07,98.26,98.44,99.58,100.88,101.11,101.84,102.98,104.11,105.12,105.22,106.84,108.13,109.36,110.46,112.18,113.68,114.75,115.68,117.38,118.96,120.72,121.95,123.17,124.99,126.92,128.14,130.6,134.05,137.84,140.7,144.73,146.79,148.32,148.6,150.79,153.63,156.36,158.45,161.72,164.49,166.17,166.98,169.12,171.54,174.0
198,Q,DW_NEW,I15_Q,EU28,,,,,,,,,,,,,,,,,,,,100.04,99.38,99.92,100.2,100.63,100.86,101.06,100.8,99.46,98.45,98.18,97.56,97.67,96.55,96.36,96.51,96.43,96.41,97.37,97.96,98.2,98.4,99.51,100.87,101.22,102.06,103.36,104.42,105.49,105.66,107.24,108.56,109.74,111.04,112.54,114.07,114.99,115.94,117.42,119.09,120.46,,,,,,,,,,,,,,,,,,,,,,,,
199,Q,DW_NEW,I15_Q,FI,,,,,,,,,,,,,,,,,86.79,85.8,86.21,86.44,87.32,86.58,88.33,88.64,89.34,91.15,92.14,93.02,94.46,95.86,96.28,96.93,97.85,97.72,98.38,97.75,98.8,99.06,98.73,99.15,98.8,100.45,100.05,100.7,102.16,101.66,103.34,102.36,105.46,106.56,106.43,106.36,107.83,108.24,109.72,108.57,108.22,109.83,111.42,112.62,113.32,113.88,113.56,117.46,119.26,121.31,121.14,122.14,126.21,126.09,128.53,124.26,124.74,130.84,124.17,122.24,124.86,122.13,120.63,122.74,127.5,120.88,120.81,126.45
200,Q,DW_NEW,I15_Q,FR,75.72,78.25,79.97,81.98,83.36,85.9,86.59,87.81,88.86,90.38,91.49,91.44,91.28,93.34,92.16,90.76,91.12,92.15,92.09,92.91,92.79,94.4,94.87,96.12,98.01,99.03,99.55,99.95,98.96,99.21,98.19,97.96,97.23,97.7,99.22,98.67,98.17,97.68,98.82,98.66,99.24,100.04,100.38,100.33,100.08,101.15,102.5,103.13,104.66,105.53,105.74,106.97,107.41,108.14,108.04,109.95,109.8,112.1,113.01,114.3,114.91,114.64,116.08,117.17,118.75,120.28,121.57,123.52,124.43,127.98,129.66,130.17,130.02,130.45,129.98,129.04,128.31,128.54,129.58,129.71,130.85,131.28,130.91,129.95
201,Q,DW_NEW,I15_Q,HR,,,,,,,,,,,,,121.72,123.49,126.03,121.27,123.62,122.15,120.83,115.53,113.93,110.2,109.63,110.57,109.3,112.99,113.91,116.0,115.41,114.15,112.83,108.6,110.72,108.07,109.24,107.39,105.29,106.19,107.84,106.86,100.87,98.67,100.98,99.48,99.07,95.8,96.67,94.84,92.86,96.71,97.76,98.73,99.03,98.51,100.78,101.49,109.0,106.55,109.07,108.49,107.69,111.34,110.83,108.66,113.37,118.77,120.3,124.98,136.43,137.66,141.23,145.65,146.93,154.7,158.63,151.09,156.03,163.11,165.56,167.68,178.35,181.03,185.81,192.38
202,Q,DW_NEW,I15_Q,HU,,,,,,,,,95.07,97.13,96.78,96.25,96.89,98.92,99.24,98.79,98.87,97.26,93.28,92.09,90.71,92.14,90.34,88.55,88.75,87.72,86.38,87.14,87.86,86.88,88.29,86.63,87.25,88.53,88.47,89.22,90.02,93.82,92.96,91.62,96.53,98.52,103.61,101.34,106.95,110.56,110.41,112.5,122.61,129.05,132.75,138.61,145.33,146.81,151.01,151.52,160.59,164.83,168.05,165.46,179.69,183.88,187.25,189.42,207.47,218.54,223.78,234.73,257.47,268.23,269.31,279.62,289.23,312.89,309.25,326.68,344.06,349.92,355.6,372.54,384.11,380.67,385.37,382.24
203,Q,DW_NEW,I15_Q,IE,,,,,,,,,,,,,,,,,,,,,123.93,119.59,115.1,109.71,105.6,100.95,95.08,89.2,86.91,86.34,84.86,83.09,78.37,77.48,79.65,80.13,80.19,83.2,89.91,93.44,94.01,98.12,102.72,105.15,106.44,106.17,108.28,109.62,110.47,111.62,115.5,116.44,120.17,124.11,126.78,127.92,127.95,129.38,130.79,131.06,131.33,132.12,132.93,133.81,134.6,135.07,137.22,140.92,142.94,145.67,149.73,155.19,158.7,161.75,165.33,169.49,172.13,173.67,175.9,178.45,179.24,181.17,185.55,189.17
204,Q,DW_NEW,I15_Q,IT,,,,,,,,,,,,,,,,,,,,,99.5,99.9,101.0,102.6,102.3,104.0,104.4,105.1,105.9,106.8,106.1,106.5,105.4,105.3,104.8,103.7,102.7,102.3,101.8,101.3,99.3,98.8,101.6,100.3,100.3,100.5,100.8,101.3,98.9,100.0,99.6,101.5,99.9,101.2,101.2,102.1,101.4,101.7,102.5,103.5,102.4,104.4,105.6,105.4,106.5,106.5,109.8,111.0,111.8,119.4,113.0,116.0,117.7,120.1,121.9,126.2,123.9,129.8,132.7,137.8,125.7,131.2,134.4,136.2
205,Q,DW_NEW,I15_Q,LT,,,,,80.81,80.94,93.01,105.87,98.84,97.73,103.81,107.57,116.63,122.04,118.85,116.4,94.09,90.84,83.2,75.78,77.6,76.84,76.19,78.03,82.67,87.36,84.41,85.56,91.95,86.28,96.07,93.84,92.83,90.99,88.48,89.5,90.67,96.06,96.29,97.12,99.78,100.42,102.57,97.23,97.53,98.98,105.34,106.89,108.62,112.06,113.97,114.57,117.23,120.43,122.49,123.93,127.82,127.61,128.37,131.51,133.57,134.96,136.3,143.07,148.02,151.85,160.55,167.37,174.22,186.01,193.21,204.54,210.25,214.68,223.99,226.3,235.03,240.88,240.03,246.2,251.17,257.16,262.08,268.05
206,Q,DW_NEW,I15_Q,LU,,,,,,,,,66.87,67.94,70.48,71.75,72.08,73.81,73.26,75.3,75.6,74.91,74.96,76.36,78.62,77.56,80.18,79.19,77.67,79.05,81.98,81.6,81.25,83.27,83.92,86.2,87.54,88.45,91.0,93.3,86.01,91.85,94.72,97.13,97.04,99.37,101.58,102.01,102.22,106.61,105.17,108.43,109.14,110.68,111.54,114.14,115.94,114.67,119.59,120.4,118.39,127.82,129.25,135.3,141.08,145.57,143.24,154.79,162.1,162.32,158.73,170.99,176.08,176.98,187.76,187.1,175.46,180.96,173.27,172.96,165.45,173.11,168.85,168.84,165.36,177.95,173.57,172.26
207,Q,DW_NEW,I15_Q,LV,,,,,74.91,78.45,84.53,87.94,102.16,96.45,109.54,114.32,114.52,116.57,108.58,94.74,75.05,61.38,68.01,62.28,58.77,60.26,61.1,67.69,66.19,76.24,95.44,93.16,96.64,90.14,101.31,95.32,93.66,93.55,103.03,108.59,109.67,112.55,118.78,92.24,97.24,98.44,98.6,105.72,103.21,112.96,106.76,107.06,111.82,115.41,121.03,117.8,128.18,124.96,118.27,123.25,125.01,132.74,141.34,138.96,144.55,144.64,142.26,147.89,142.41,145.49,148.13,151.2,150.1,166.56,166.28,180.29,177.88,192.55,192.59,201.46,197.6,214.38,215.82,209.98,210.34,216.77,224.23,223.48
208,Q,DW_NEW,I15_Q,MT,,,,,,,,,,,,,96.68,93.63,96.68,93.63,91.59,91.58,91.59,91.59,95.21,92.14,96.47,90.54,91.12,92.3,92.14,91.2,92.14,92.14,96.47,96.69,92.3,92.14,93.67,91.48,92.3,92.14,94.97,97.54,96.49,95.66,102.67,105.18,100.69,102.02,106.95,110.27,105.39,107.55,112.81,116.2,110.69,117.05,117.9,123.84,118.75,123.5,126.96,130.7,124.46,126.54,128.9,132.12,131.48,134.54,137.82,138.94,139.44,145.37,147.06,148.16,150.3,152.39,154.66,157.41,160.17,162.76,165.34,167.1,169.14,171.42,174.85,177.46
209,Q,DW_NEW,I15_Q,NL,102.69,103.56,105.46,105.6,105.46,107.2,107.93,110.26,112.73,112.44,116.22,119.71,114.91,115.35,117.53,109.67,106.62,101.82,103.42,106.91,105.89,104.58,104.73,106.76,109.38,104.44,105.02,102.98,97.16,97.02,93.53,100.36,94.26,92.07,94.55,94.4,94.55,93.67,91.93,95.27,97.4,98.9,102.22,101.48,100.98,103.18,104.78,107.16,109.15,108.4,112.78,118.77,119.06,120.53,126.81,127.42,129.67,132.6,134.87,137.88,138.74,144.82,149.66,148.8,154.63,160.62,162.85,168.19,174.15,182.17,186.27,187.12,186.51,189.57,188.83,191.91,190.21,190.12,197.48,202.7,208.0,205.31,212.09,215.21
210,Q,DW_NEW,I15_Q,NO,,,,,,,,,,,,,,,,,,,,,74.18,76.91,76.53,76.47,80.39,81.96,82.41,85.36,85.56,88.88,87.87,90.15,92.25,91.94,92.88,92.22,91.49,95.04,95.67,95.9,98.16,99.89,100.58,101.36,102.02,106.59,108.08,111.6,112.86,113.5,110.54,113.96,113.58,113.19,115.11,118.89,120.27,124.01,121.6,123.87,125.52,128.72,131.88,130.56,133.44,136.68,140.92,142.31,146.48,146.09,151.67,147.53,154.71,154.46,152.5,157.41,157.92,161.87,163.49,162.75,165.01,172.12,171.18,172.49
211,Q,DW_NEW,I15_Q,PL,,,,,,,,,,,,,,,,,,,,,100.73,100.14,101.22,103.04,102.42,102.17,101.9,103.02,102.77,102.15,101.35,101.5,98.23,97.39,96.12,96.07,95.34,98.35,97.67,98.48,98.96,100.45,100.81,99.77,100.38,99.4,101.31,103.24,102.26,103.78,104.86,106.35,107.79,109.4,109.78,113.12,114.98,116.78,117.21,120.54,122.49,122.93,125.57,127.72,130.34,133.54,137.22,142.98,147.67,148.03,154.72,157.92,158.16,163.38,169.92,180.58,189.08,194.79,198.33,200.44,202.33,205.55,207.51,211.95
212,Q,DW_NEW,I15_Q,PT,,,,,,,,,,,,,107.56,107.71,102.57,101.96,104.55,104.77,104.26,104.21,105.06,105.6,105.28,104.8,104.5,102.5,101.84,99.56,98.12,95.0,94.77,94.84,95.13,93.36,93.85,95.38,97.92,99.41,99.42,96.57,96.8,101.9,100.04,101.26,101.34,103.46,103.76,104.77,105.58,109.02,110.92,110.96,115.8,115.86,117.19,120.34,122.76,127.88,129.43,130.27,134.99,136.94,136.57,140.27,142.35,146.63,152.5,155.12,157.93,158.91,165.31,166.1,166.99,171.59,174.95,177.59,176.24,182.98,189.04,194.55,201.74,209.5,215.63,221.22
213,Q,DW_NEW,I15_Q,RO,,,,,,,,,,,,,,,,,121.7,116.45,117.82,115.31,115.61,112.11,105.69,105.97,106.19,100.72,107.98,109.53,108.45,108.12,106.28,108.92,104.35,103.45,101.14,101.9,104.01,101.5,99.88,101.17,101.3,98.61,100.8,99.3,104.7,107.24,103.76,105.86,101.47,109.85,105.49,105.91,107.51,109.79,110.62,111.73,110.12,110.51,112.59,114.47,117.02,116.9,114.1,117.4,117.74,118.78,115.28,121.19,124.04,132.8,133.03,136.71,137.6,138.58,145.86,150.43,153.95,154.89,155.79,154.25,157.52,157.31,161.91,163.5
214,Q,DW_NEW,I15_Q,SE,69.56,70.0,69.82,69.97,71.59,71.34,72.6,73.86,74.43,76.68,78.53,79.55,79.62,79.79,80.18,82.39,85.27,84.48,85.04,87.37,86.95,88.07,90.03,90.43,91.92,93.87,94.33,95.37,95.23,95.48,96.46,96.83,96.5,93.61,94.08,95.69,97.2,97.59,98.52,97.87,98.15,98.75,100.11,102.98,103.96,106.37,106.92,107.53,109.37,110.32,114.02,117.4,119.63,121.99,125.07,128.14,129.18,128.58,130.91,129.49,128.78,129.74,127.67,124.04,126.9,126.42,129.18,132.78,140.37,145.2,149.34,155.46,155.03,154.25,151.03,148.35,145.34,142.89,141.46,139.31,137.53,136.23,138.77,143.91
215,Q,DW_NEW,I15_Q,SI,,,,,,,,,114.37,115.29,121.96,133.09,133.96,134.09,135.48,135.21,121.1,120.33,115.6,115.6,113.51,116.75,114.51,115.79,122.67,123.33,118.12,120.58,112.42,111.26,110.6,104.3,108.25,109.53,97.81,101.29,103.3,96.3,95.37,97.84,98.84,103.23,96.1,101.82,98.46,98.6,98.98,105.3,106.48,109.87,109.96,117.47,125.29,119.01,120.06,116.04,121.06,122.4,117.01,120.4,120.47,129.02,123.38,126.8,135.59,138.95,139.79,147.69,139.13,149.4,156.28,159.48,149.19,153.15,166.08,175.52,174.23,180.45,180.12,181.89,165.89,182.3,163.04,182.03
216,Q,DW_NEW,I15_Q,SK,,,,,,,,,,,,,,,,,,,,,105.87,104.39,103.56,103.49,103.2,98.94,102.36,102.05,98.03,94.95,96.85,94.6,96.15,96.11,95.97,95.19,95.11,97.49,96.51,99.64,98.06,100.45,100.1,101.39,102.99,106.16,106.78,107.59,106.85,111.96,116.84,116.03,120.61,119.37,117.75,121.04,122.16,125.21,130.17,129.72,134.05,134.89,140.02,138.11,137.55,136.06,147.07,153.15,159.88,167.47,168.57,171.03,166.2,160.73,160.21,163.52,159.92,165.53,166.83,172.85,177.76,182.95,186.5,189.74
217,Q,DW_NEW,I15_Q,TR,,,,,,,,,,,,,,,,,,,,,57.01,57.83,59.0,60.21,61.64,63.24,64.2,65.71,67.88,69.92,72.12,73.12,75.63,77.89,80.75,81.91,83.17,85.73,88.89,91.49,94.91,98.55,102.1,104.44,107.39,110.68,112.97,116.09,119.77,122.59,124.63,128.01,130.86,134.81,136.19,137.58,138.7,139.79,144.94,151.92,163.14,171.32,189.43,201.99,215.33,237.25,263.72,313.28,421.49,640.1,710.42,811.74,1015.29,1184.41,1417.76,1580.72,1664.72,1786.05,1887.03,2033.4,,,,
218,Q,DW_NEW,I15_Q,UK,79.45,82.06,83.43,84.55,84.66,87.27,88.4,90.12,90.94,94.39,96.13,96.21,96.13,95.29,90.0,84.06,81.45,81.28,82.79,83.63,83.35,84.55,85.26,85.42,85.68,86.25,86.11,85.64,84.59,85.76,84.91,86.99,85.31,87.46,88.69,90.81,91.76,95.37,96.36,97.18,97.79,98.34,100.7,103.17,105.87,109.95,109.78,111.8,113.29,114.06,116.15,116.24,119.84,118.73,120.72,119.95,121.11,119.9,122.79,119.31,123.1,122.47,125.64,,,,,,,,,,,,,,,,,,,,,
219,Q,DW_NEW,RCH_A,AT,,,,,,,,,,,,,,,,,,,,,,,,,4.5,4.8,6.0,5.5,9.2,8.0,10.7,5.5,4.8,6.4,0.9,7.3,3.8,1.8,5.8,5.0,3.5,7.2,6.7,4.9,10.0,8.0,7.7,5.8,1.7,3.3,2.3,2.4,3.0,4.5,4.7,7.7,5.6,5.1,6.9,6.2,8.2,7.4,6.3,7.9,8.4,6.4,8.9,9.7,12.7,13.9,13.6,6.1,0.3,-0.1,-2.3,1.1,2.6,2.0,2.4,3.0,3.7,2.5,2.0,3.5
220,Q,DW_NEW,RCH_A,BE,,,,,3.0,5.1,5.8,5.6,5.9,4.7,4.0,3.2,2.2,2.4,1.9,3.4,1.1,-1.5,-0.5,-3.3,-1.6,0.1,-0.5,1.9,3.6,3.4,4.5,4.2,2.6,2.8,1.5,0.5,2.1,3.7,3.8,5.4,-1.8,-3.7,-1.2,-1.7,1.9,4.4,5.5,6.2,5.5,4.4,2.7,1.4,4.5,2.6,4.9,5.0,2.2,5.4,3.9,1.3,3.6,1.5,3.7,3.5,5.4,4.8,0.4,7.3,5.1,5.9,8.7,5.5,5.2,7.2,3.7,5.2,3.1,0.1,2.2,2.9,7.8,6.8,5.2,4.1,0.3,0.8,3.5,2.5
221,Q,DW_NEW,RCH_A,BG,,,,,15.1,12.2,14.0,17.4,22.6,27.1,30.6,34.6,31.6,32.2,26.8,11.7,2.6,-11.9,-16.5,-20.4,-19.9,-11.4,-9.5,0.2,1.9,-1.8,-1.1,-3.0,-2.5,1.4,1.3,-1.2,-2.7,-2.2,-4.8,-1.2,1.8,0.8,3.7,5.2,1.9,3.7,3.8,4.6,5.8,4.9,8.0,7.0,9.4,7.3,5.5,4.7,2.3,7.2,7.2,6.1,11.9,7.5,5.8,8.7,2.0,0.8,3.5,2.3,6.7,7.2,8.5,8.4,8.7,12.3,12.6,9.8,4.9,9.5,9.5,10.5,19.3,15.6,16.7,19.7,13.4,14.9,11.0,9.0
222,Q,DW_NEW,RCH_A,CY,,,,,,,,,,,,,,,,,,,,,,,,,-3.2,-0.5,-2.3,-4.6,-5.3,-6.9,1.1,1.9,0.3,0.0,-7.5,-8.5,-9.6,-1.0,-1.3,2.2,0.2,-4.3,1.0,-2.4,-3.0,-8.5,1.3,11.8,8.1,27.3,12.5,3.0,6.5,-8.7,-1.1,0.3,16.3,24.7,7.7,6.7,4.3,2.3,5.0,12.9,-7.4,-3.6,4.8,-5.5,8.9,2.8,10.6,7.1,15.2,11.5,2.5,13.0,8.3,8.9,8.1,4.8,3.7,0.0,2.9,5.4
223,Q,DW_NEW,RCH_A,CZ,,,,,,,,,,,,,,,,,7.0,3.6,3.4,-0.6,-3.6,-2.8,-3.7,-1.9,-1.2,-1.0,-1.4,-2.4,-2.3,-3.5,-3.0,0.0,-1.1,0.0,1.2,0.2,2.6,1.1,1.6,1.9,2.5,5.8,5.7,5.4,4.1,3.9,5.5,10.0,14.3,15.4,15.7,10.4,9.6,11.4,12.8,13.5,11.6,8.5,5.8,5.9,7.3,7.9,10.0,11.1,12.1,14.7,21.1,25.2,29.8,24.7,15.1,6.1,-2.1,-2.1,-2.0,0.6,0.9,3.7,6.0,9.8,13.0,15.0,14.7,11.7
224,Q,DW_NEW,RCH_A,DE,,,,,-1.7,-1.2,-1.7,0.5,-3.2,5.0,4.1,2.5,6.7,1.7,1.6,1.2,4.4,3.0,6.3,8.0,3.1,3.4,2.3,1.0,3.4,6.7,5.5,4.6,4.3,1.8,1.2,4.0,2.0,2.6,1.0,-0.7,1.5,2.5,5.0,5.8,5.6,5.1,4.8,6.4,6.9,7.2,6.8,6.6,4.9,4.0,5.0,4.5,6.6,6.9,7.2,4.9,2.6,2.8,1.9,6.0,5.4,6.3,6.4,6.4,5.8,7.0,8.2,8.3,8.8,8.0,6.2,2.0,1.0,-3.2,-3.6,-4.0,-2.3,0.7,1.4,2.3,4.7,2.4,1.4,2.8
225,Q,DW_NEW,RCH_A,DK,,,,,37.5,36.0,32.1,23.1,19.4,13.7,9.7,13.2,5.8,-7.0,-8.8,-14.8,-14.6,-4.3,-7.2,-3.7,0.2,-3.8,-1.2,-0.4,4.9,10.8,19.6,15.1,15.1,5.2,6.2,18.0,51.9,84.5,53.5,46.2,15.3,-1.7,5.9,28.6,23.1,14.5,17.2,-4.6,-6.0,1.4,1.4,1.2,1.1,0.5,0.6,0.4,0.8,2.2,2.1,2.2,1.4,0.7,0.3,0.6,0.9,1.0,0.9,0.3,1.3,3.0,5.0,6.9,8.6,10.3,11.6,10.8,8.6,5.6,2.0,1.6,2.1,2.5,2.6,1.9,2.1,2.1,2.2,2.0
226,Q,DW_NEW,RCH_A,EA,,,,,,,,,,,,,,,,,,,,,,,,0.6,1.6,1.1,0.4,-1.8,-3.2,-3.7,-4.0,-2.3,-1.9,-1.8,-0.8,-1.2,-0.5,0.2,0.7,1.2,1.5,2.3,2.9,3.2,3.7,4.0,3.5,3.9,3.5,3.3,3.7,4.0,4.6,4.7,4.9,4.3,4.0,4.2,4.2,5.1,5.3,4.9,5.0,5.3,4.9,5.6,6.7,7.5,8.4,9.9,7.8,6.1,4.9,2.5,3.0,2.9,3.2,4.3,4.8,5.3,5.0,4.2,3.8,4.1
227,Q,DW_NEW,RCH_A,EA19,,,,,,,,,,,,,,,,,,,,,,,,0.7,1.6,1.1,0.5,-1.6,-3.1,-3.6,-3.9,-2.2,-1.9,-1.8,-0.8,-1.1,-0.4,0.3,0.8,1.2,1.5,2.3,2.9,3.2,3.7,4.0,3.5,3.9,3.5,3.3,3.7,4.0,4.6,4.7,4.9,4.3,4.0,4.2,4.2,5.1,5.3,4.9,5.0,5.3,4.9,5.6,6.7,7.5,8.4,9.9,7.8,6.1,4.9,2.5,3.0,2.9,3.2,4.3,4.8,5.3,4.9,4.1,3.8,4.0
228,Q,DW_NEW,RCH_A,EA20,,,,,,,,,,,,,,,,,,,,,,,,0.6,1.5,1.2,0.5,-1.6,-3.0,-3.6,-3.8,-2.3,-1.9,-1.8,-0.8,-1.1,-0.5,0.3,0.8,1.2,1.5,2.1,2.8,3.1,3.7,3.9,3.5,3.8,3.4,3.3,3.6,4.0,4.6,4.7,4.9,4.3,4.0,4.2,4.3,5.1,5.3,4.9,5.0,5.3,4.9,5.6,6.7,7.5,8.5,9.9,7.9,6.1,4.9,2.6,3.0,3.0,3.2,4.3,4.8,5.3,5.0,4.2,3.8,4.1
229,Q,DW_NEW,RCH_A,EA21,,,,,,,,,,,,,,,,,,,,,,,,0.6,1.5,1.2,0.5,-1.6,-3.0,-3.5,-3.8,-2.2,-1.9,-1.8,-0.9,-1.1,-0.4,0.3,0.8,1.3,1.5,2.2,2.8,3.1,3.7,4.0,3.6,3.9,3.5,3.4,3.7,4.0,4.6,4.8,4.9,4.3,4.2,4.2,4.3,5.2,5.3,4.8,5.0,5.2,5.0,5.7,6.8,7.6,8.5,10.0,8.0,6.2,4.9,2.7,3.2,3.1,3.6,4.6,5.1,5.6,5.2,4.5,4.0,4.2
230,Q,DW_NEW,RCH_A,EE,,,,,37.7,20.4,32.3,43.8,43.5,55.3,35.3,13.9,3.8,-14.1,-2.3,-17.9,-34.0,-27.2,-39.6,-36.6,-2.4,2.1,19.9,23.0,1.5,4.9,9.8,21.4,19.7,20.5,7.1,0.3,8.5,-1.5,9.0,20.7,22.7,18.6,23.2,16.5,16.4,20.8,4.6,4.4,-5.3,1.6,12.4,12.9,11.3,4.3,2.5,3.4,12.9,14.8,2.9,5.1,4.1,4.8,10.5,9.9,12.1,9.3,8.0,8.9,8.8,11.9,12.9,17.0,13.7,23.4,18.4,15.6,17.3,10.2,9.6,10.6,3.2,4.5,8.6,1.9,3.9,3.6,2.8,2.3
231,Q,DW_NEW,RCH_A,ES,,,,,,,,13.6,13.3,13.3,11.4,9.8,7.2,5.3,3.7,0.8,-2.0,-3.9,-5.6,-5.1,-4.2,-1.7,-1.7,-1.2,-1.0,-4.3,-6.5,-11.8,-15.0,-15.9,-15.4,-10.9,-7.9,-7.7,-2.8,-2.9,-1.1,1.9,0.8,1.9,4.0,4.9,4.3,5.8,5.9,8.3,7.3,4.2,5.7,4.7,6.6,7.5,5.6,5.4,6.0,8.2,10.6,7.3,7.1,5.3,6.1,4.2,7.3,8.3,2.4,5.9,4.0,5.9,9.9,8.7,6.6,6.2,6.1,7.8,10.9,7.4,9.9,11.1,10.0,12.3,12.3,12.3,9.7,11.2
232,Q,DW_NEW,RCH_A,EU,,,,,,,,,,,,,,,,,,,,,,,,0.6,1.5,1.1,0.6,-1.2,-2.5,-2.9,-3.2,-1.8,-1.9,-1.8,-1.0,-1.3,-0.1,1.0,1.5,1.8,2.1,2.2,3.0,3.1,3.7,3.9,3.5,4.2,3.5,3.8,4.0,4.0,5.1,4.9,5.1,4.8,4.4,4.3,4.4,4.8,5.0,4.7,4.7,5.1,5.1,6.0,7.2,8.6,9.8,10.8,9.5,7.6,5.6,4.2,4.7,5.4,6.6,7.3,7.1,6.3,5.4,4.6,4.3,4.7
233,Q,DW_NEW,RCH_A,EU27_2020,,,,,,,,,,,,,,,,,,,,,,,,0.5,1.4,1.1,0.6,-1.2,-2.5,-3.0,-3.3,-2.0,-2.1,-2.1,-1.5,-1.7,-0.7,0.5,1.0,1.5,1.7,2.1,2.9,2.9,3.5,3.4,3.2,4.0,3.3,3.7,3.9,4.0,5.0,5.0,5.1,4.9,4.7,4.6,4.6,5.2,5.4,4.9,5.1,5.1,5.1,6.0,7.2,8.6,9.8,10.8,9.5,7.6,5.6,4.2,4.7,5.4,6.6,7.2,7.1,6.3,5.4,4.6,4.3,4.7
234,Q,DW_NEW,RCH_A,EU28,,,,,,,,,,,,,,,,,,,,,,,,0.6,1.5,1.1,0.6,-1.2,-2.4,-2.8,-3.2,-1.8,-1.9,-1.9,-1.1,-1.3,-0.1,1.0,1.5,1.8,2.1,2.2,3.0,3.1,3.7,3.9,3.5,4.2,3.5,3.8,4.0,4.0,5.1,4.9,5.1,4.8,4.4,4.3,4.4,4.8,,,,,,,,,,,,,,,,,,,,,,,,
235,Q,DW_NEW,RCH_A,FI,,,,,,,,,,,,,,,,,,,,,0.6,0.9,2.5,2.5,2.3,5.3,4.3,4.9,5.7,5.2,4.5,4.2,3.6,1.9,2.2,0.8,1.0,1.4,0.4,1.4,0.0,1.4,1.3,1.6,3.4,1.2,3.3,1.6,3.2,4.8,3.0,3.9,2.2,1.6,3.1,2.1,0.4,1.5,1.5,3.7,4.7,3.7,1.9,4.3,5.2,6.5,6.7,4.0,5.8,3.9,6.1,1.7,-1.2,3.8,-3.4,-1.6,0.1,-6.7,-2.9,0.4,2.1,-1.0,0.1,3.0
236,Q,DW_NEW,RCH_A,FR,,,,,10.1,9.8,8.3,7.1,6.6,5.2,5.7,4.1,2.7,3.3,0.7,-0.7,-0.2,-1.3,-0.1,2.4,1.8,2.4,3.0,3.5,5.6,4.9,4.9,4.0,1.0,0.2,-1.4,-2.0,-1.7,-1.5,1.0,0.7,1.0,0.0,-0.4,0.0,1.1,2.4,1.6,1.7,0.8,1.1,2.1,2.8,4.6,4.3,3.2,3.7,2.6,2.5,2.2,2.8,2.2,3.7,4.6,4.0,4.7,2.3,2.7,2.5,3.3,4.9,4.7,5.4,4.8,6.4,6.7,5.4,4.5,1.9,0.2,-0.9,-1.3,-1.5,-0.3,0.5,2.0,2.1,1.0,0.2
237,Q,DW_NEW,RCH_A,HR,,,,,,,,,,,,,,,,,1.6,-1.1,-4.1,-4.7,-7.8,-9.8,-9.3,-4.3,-4.1,2.5,3.9,4.9,5.6,1.0,-0.9,-6.4,-4.1,-5.3,-3.2,-1.1,-4.9,-1.7,-1.3,-0.5,-4.2,-7.1,-6.4,-6.9,-1.8,-2.9,-4.3,-4.7,-6.3,0.9,1.1,4.1,6.6,1.9,3.1,2.8,10.1,8.2,8.2,6.9,-1.2,4.5,1.6,0.2,5.3,6.7,8.5,15.0,20.3,15.9,17.4,16.5,7.7,12.4,12.3,3.7,6.2,5.4,4.4,11.0,14.3,11.0,12.2,14.7
238,Q,DW_NEW,RCH_A,HU,,,,,,,,,,,,,1.9,1.8,2.5,2.6,2.0,-1.7,-6.0,-6.8,-8.3,-5.3,-3.2,-3.8,-2.2,-4.8,-4.4,-1.6,-1.0,-1.0,2.2,-0.6,-0.7,1.9,0.2,3.0,3.2,6.0,5.1,2.7,7.2,5.0,11.5,10.6,10.8,12.2,6.6,11.0,14.6,16.7,20.2,23.2,18.5,13.8,13.8,9.3,10.5,12.3,11.3,9.2,11.9,11.6,11.4,14.5,15.5,18.8,19.5,23.9,24.1,22.7,20.3,19.1,12.3,16.6,14.8,16.8,19.0,11.8,15.0,14.0,11.6,8.8,8.4,2.6
239,Q,DW_NEW,RCH_A,IE,,,,,,,,,,,,,,,,,,,,,,,,,-14.8,-15.6,-17.4,-18.7,-17.7,-14.5,-10.7,-6.8,-9.8,-10.3,-6.1,-3.6,2.3,7.4,12.9,16.6,17.2,17.9,14.2,12.5,13.2,8.2,5.4,4.3,3.8,5.1,6.7,6.2,8.8,11.2,9.8,9.9,6.5,4.2,3.2,2.5,2.6,2.1,1.6,2.1,2.5,2.2,3.2,5.3,6.2,7.8,9.1,10.1,11.0,11.0,10.4,9.2,8.5,7.4,6.4,5.3,4.1,4.3,5.5,6.0
240,Q,DW_NEW,RCH_A,IT,,,,,,,,,,,,,,,,,,,,,,,,,2.8,4.1,3.4,2.4,3.5,2.7,1.6,1.3,-0.5,-1.4,-1.2,-2.6,-2.6,-2.8,-2.9,-2.3,-3.3,-3.4,-0.2,-1.0,1.0,1.7,-0.8,1.0,-1.4,-0.5,-1.2,0.2,1.0,1.2,1.6,0.6,1.5,0.5,1.3,1.4,1.0,2.7,3.0,1.8,4.0,2.0,4.0,5.3,5.0,12.1,2.9,4.5,5.3,0.6,7.9,8.8,5.3,8.1,8.9,9.2,1.5,1.1,1.3,-1.2
241,Q,DW_NEW,RCH_A,LT,,,,,,,,,22.3,20.7,11.6,1.6,18.0,24.9,14.5,8.2,-19.3,-25.6,-30.0,-34.9,-17.5,-15.4,-8.4,3.0,6.5,13.7,10.8,9.7,11.2,-1.2,13.8,9.7,1.0,5.5,-7.9,-4.6,-2.3,5.6,8.8,8.5,10.0,4.5,6.5,0.1,-2.3,-1.4,2.7,9.9,11.4,13.2,8.2,7.2,7.9,7.5,7.5,8.2,9.0,6.0,4.8,6.1,4.5,5.8,6.2,8.8,10.8,12.5,17.8,17.0,17.7,22.5,20.3,22.2,20.7,15.4,15.9,10.6,11.8,12.2,7.2,8.8,6.9,6.8,9.2,8.9
242,Q,DW_NEW,RCH_A,LU,,,,,,,,,,,,,7.8,8.6,3.9,4.9,4.9,1.5,2.3,1.4,4.0,3.5,7.0,3.7,-1.2,1.9,2.2,3.0,4.6,5.3,2.4,5.6,7.7,6.2,8.4,8.2,-1.7,3.8,4.1,4.1,12.8,8.2,7.2,5.0,5.3,7.3,3.5,6.3,6.8,3.8,6.1,5.3,6.2,3.6,7.2,5.5,2.1,11.5,8.1,12.4,19.2,13.9,10.8,14.4,14.9,11.5,10.8,10.5,8.6,9.0,18.3,9.4,-0.4,2.2,-7.7,-7.6,-5.7,-4.3,-2.6,-2.4,-0.1,2.8,2.8,2.0
243,Q,DW_NEW,RCH_A,LV,,,,,,,,,36.4,22.9,29.6,30.0,12.1,20.9,-0.9,-17.1,-34.5,-47.3,-37.4,-34.3,-21.7,-1.8,-10.2,8.7,12.6,26.5,56.2,37.6,46.0,18.2,6.2,2.3,-3.1,3.8,1.7,13.9,17.1,20.3,15.3,-15.1,-11.3,-12.5,-17.0,14.6,6.1,14.8,8.3,1.3,8.3,2.2,13.4,10.0,14.6,8.3,-2.3,4.6,-2.5,6.2,19.5,12.7,15.6,9.0,0.7,6.4,-1.5,0.6,4.1,2.2,5.4,14.5,12.3,19.2,18.5,15.6,15.8,11.7,11.1,11.3,12.1,4.2,6.4,1.1,3.9,6.4
244,Q,DW_NEW,RCH_A,MT,,,,,,,,,,,,,,,,,-5.3,-2.2,-5.3,-2.2,4.0,0.6,5.3,-1.1,-4.3,0.2,-4.5,0.7,1.1,-0.2,4.7,6.0,0.2,0.0,-2.9,-5.4,0.0,0.0,1.4,6.6,4.5,3.8,8.1,7.8,4.4,6.6,4.2,4.8,4.7,5.4,5.5,5.4,5.0,8.8,4.5,6.6,7.3,5.5,7.7,5.5,4.8,2.5,1.5,1.1,5.6,6.3,6.9,5.2,6.1,8.0,6.7,6.6,7.8,4.8,5.2,6.2,6.6,6.8,6.9,6.2,5.6,5.3,5.8,6.2
245,Q,DW_NEW,RCH_A,NL,,,,,2.7,3.5,2.3,4.4,6.9,4.9,7.7,8.6,1.9,2.6,1.1,-8.4,-7.2,-11.7,-12.0,-2.5,-0.7,2.7,1.3,-0.1,3.3,-0.1,0.3,-3.5,-11.2,-7.1,-10.9,-2.5,-3.0,-5.1,1.1,-5.9,0.3,1.7,-2.8,0.9,3.0,5.6,11.2,6.5,3.7,4.3,2.5,5.6,8.1,5.1,7.6,10.8,9.1,11.2,12.4,7.3,8.9,10.0,6.4,8.2,7.0,9.2,11.0,7.9,11.5,10.9,8.8,13.0,12.6,13.4,14.4,11.3,7.1,4.1,1.4,2.6,2.0,0.3,4.6,5.6,9.4,8.0,7.4,6.2
246,Q,DW_NEW,RCH_A,NO,,,,,,,,,,,,,,,,,,,,,,,,,8.4,6.6,7.7,11.6,6.4,8.4,6.6,5.6,7.8,3.4,5.7,2.3,-0.8,3.4,3.0,4.0,7.3,5.1,5.1,5.7,3.9,6.7,7.5,10.1,10.6,6.5,2.3,2.1,0.6,-0.3,4.1,4.3,5.9,9.6,5.6,4.2,4.4,3.8,8.5,5.4,6.3,6.2,6.9,9.0,9.8,6.9,7.6,3.7,5.6,5.7,0.5,6.7,2.1,4.8,7.2,3.4,4.5,6.3,4.7,6.0
247,Q,DW_NEW,RCH_A,PL,,,,,,,,,,,,,,,,,,,,,,,,,1.7,2.0,0.7,0.0,0.3,0.0,-0.5,-1.5,-4.4,-4.7,-5.2,-5.3,-2.9,1.0,1.6,2.5,3.8,2.1,3.2,1.3,1.4,-1.0,0.5,3.5,1.9,4.4,3.5,3.0,5.4,5.4,4.7,6.4,6.7,6.7,6.8,6.6,6.5,5.3,7.1,6.0,6.4,8.6,9.3,11.9,13.3,10.9,12.8,10.4,7.1,10.4,9.8,14.3,19.5,19.2,16.7,11.0,7.0,5.5,4.6,5.7
248,Q,DW_NEW,RCH_A,PT,,,,,,,,,,,,,,,,,-2.8,-2.7,1.6,2.2,0.5,0.8,1.0,0.6,-0.5,-2.9,-3.3,-5.0,-6.1,-7.3,-6.9,-4.7,-3.0,-1.7,-1.0,0.6,2.9,6.5,5.9,1.2,-1.1,2.5,0.6,4.9,4.7,1.5,3.7,3.5,4.2,5.4,6.9,5.9,9.7,6.3,5.7,8.5,6.0,10.4,10.4,8.3,10.0,7.1,5.5,7.7,5.5,7.1,11.7,10.6,10.9,8.4,8.4,7.1,5.7,8.0,5.8,6.9,5.5,6.6,8.1,9.6,14.5,14.5,14.1,13.7
249,Q,DW_NEW,RCH_A,RO,,,,,,,,,,,,,,,,,,,,,-5.0,-3.7,-10.3,-8.1,-8.1,-10.2,2.2,3.4,2.1,7.3,-1.6,-0.6,-3.8,-4.3,-4.8,-6.4,-0.3,-1.9,-1.2,-0.7,-2.6,-2.8,0.9,-1.8,3.4,8.8,2.9,6.6,-3.1,2.4,1.7,0.0,6.0,-0.1,4.9,5.5,2.4,0.7,1.8,2.5,6.3,5.8,1.3,2.6,0.6,1.6,1.0,3.2,5.4,11.8,15.4,12.8,10.9,4.4,9.6,10.0,11.9,11.8,6.8,2.5,2.3,1.6,3.9,6.0
250,Q,DW_NEW,RCH_A,SE,,,,,2.9,1.9,4.0,5.6,4.0,7.5,8.2,7.7,7.0,4.1,2.1,3.6,7.1,5.9,6.1,6.0,2.0,4.2,5.9,3.5,5.7,6.6,4.8,5.5,3.6,1.7,2.3,1.5,1.3,-2.0,-2.5,-1.2,0.7,4.3,4.7,2.3,1.0,1.2,1.6,5.2,5.9,7.7,6.8,4.4,5.2,3.7,6.6,9.2,9.4,10.6,9.7,9.1,8.0,5.4,4.7,1.1,-0.3,0.9,-2.5,-4.2,-1.5,-2.6,1.2,7.0,10.6,14.9,15.6,17.1,10.4,6.2,1.1,-4.6,-6.3,-7.4,-6.3,-6.1,-5.4,-4.7,-1.9,3.3
251,Q,DW_NEW,RCH_A,SI,,,,,,,,,,,,,17.1,16.3,11.1,1.6,-9.6,-10.3,-14.7,-14.5,-6.3,-3.0,-0.9,0.2,8.1,5.6,3.2,4.1,-8.4,-9.8,-6.4,-13.5,-3.7,-1.6,-11.6,-2.9,-4.6,-12.1,-2.5,-3.4,-4.3,7.2,0.8,4.1,-0.4,-4.5,3.0,3.4,8.1,11.4,11.1,11.6,17.7,8.3,9.2,-1.2,-3.4,2.8,-2.5,3.8,-0.5,5.4,5.4,5.3,12.6,7.7,13.3,16.5,2.6,7.5,11.8,8.0,7.2,2.5,6.3,10.1,16.8,17.8,8.5,3.6,-4.8,1.0,-9.5,0.1
252,Q,DW_NEW,RCH_A,SK,,,,,,,,,,,,,,,,,,,,,,,,,-2.5,-5.2,-1.2,-1.4,-5.0,-4.0,-5.4,-7.3,-1.9,1.2,-0.9,0.6,-1.1,1.4,0.6,4.7,3.1,3.0,3.7,1.8,5.0,5.7,6.7,6.1,3.7,5.5,9.4,7.8,12.9,6.6,0.8,4.3,1.3,4.9,10.5,7.2,9.7,7.7,7.6,6.5,2.6,0.9,5.0,10.9,16.2,23.1,14.6,11.7,4.0,-4.0,-5.0,-4.4,-3.8,3.0,4.1,5.7,11.2,10.5,11.8,9.8
253,Q,DW_NEW,RCH_A,TR,,,,,,,,,,,,,,,,,,,,,,,,,8.1,9.4,8.8,9.1,10.1,10.6,12.3,11.3,11.4,11.4,12.0,12.0,10.0,10.1,10.1,11.7,14.1,15.0,14.9,14.2,13.1,12.3,10.6,11.2,11.5,10.8,10.3,10.3,9.3,10.0,9.3,7.5,6.0,3.7,6.4,10.4,17.6,22.6,30.7,33.0,32.0,38.5,39.2,55.1,95.7,169.8,169.4,159.1,140.9,85.0,99.6,94.7,64.0,50.8,33.1,28.6,,,,
254,Q,DW_NEW,RCH_A,UK,,,,,6.6,6.3,6.0,6.6,7.4,8.2,8.7,6.8,5.7,1.0,-6.4,-12.6,-15.3,-14.7,-8.0,-0.5,2.3,4.0,3.0,2.1,2.8,2.0,1.0,0.3,-1.3,-0.6,-1.4,1.6,0.9,2.0,4.5,4.4,7.6,9.0,8.6,7.0,6.6,3.1,4.5,6.2,8.3,11.8,9.0,8.4,7.0,3.7,5.8,4.0,5.8,4.1,3.9,3.2,1.1,1.0,1.7,-0.5,1.6,2.1,2.3,,,,,,,,,,,,,,,,,,,,,
255,Q,DW_NEW,RCH_Q,AT,,,,,,,,,,,,,,,,,,,,,,1.0,0.1,1.7,1.6,1.3,1.3,1.1,5.2,0.2,3.9,-3.7,4.6,1.8,-1.5,2.4,1.2,-0.3,2.4,1.6,-0.2,3.3,1.8,-0.1,4.7,1.4,1.6,-1.9,0.6,3.0,0.7,-1.8,1.2,4.5,0.8,1.1,-0.8,4.0,2.5,0.5,1.0,3.3,1.4,2.0,1.4,1.4,3.7,2.8,4.1,2.5,3.5,-4.0,-1.5,2.1,1.3,-0.7,0.0,1.5,1.7,-0.2,0.6,0.3,1.3,1.2
256,Q,DW_NEW,RCH_Q,BE,,0.2,0.2,0.8,1.7,2.2,1.0,0.6,2.1,1.0,0.3,-0.2,1.0,1.3,-0.2,1.3,-1.3,-1.2,0.8,-1.5,0.5,0.4,0.2,0.8,2.1,0.3,1.2,0.6,0.6,0.4,-0.1,-0.4,2.1,2.1,-0.1,1.1,-4.9,0.1,2.6,0.6,-1.4,2.5,3.8,1.2,-2.0,1.5,2.1,-0.1,1.0,-0.4,4.3,0.0,-1.7,2.7,2.9,-2.5,0.6,0.6,5.1,-2.7,2.4,0.0,0.7,4.1,0.2,0.8,3.4,1.0,-0.1,2.7,0.0,2.5,-2.0,-0.3,2.1,3.3,2.6,-1.2,0.5,2.2,-1.2,-0.7,3.2,1.2
257,Q,DW_NEW,RCH_Q,BG,,4.3,2.9,2.4,4.7,1.6,4.6,5.5,9.3,5.4,7.5,8.8,6.8,5.9,3.0,-4.1,-1.9,-9.0,-2.4,-8.6,-1.3,0.6,-0.3,1.2,0.3,-3.0,0.5,-0.8,0.9,0.8,0.4,-3.2,-0.7,1.3,-2.2,0.4,2.3,0.3,0.7,1.8,-0.9,2.0,0.8,2.6,0.3,1.1,3.8,1.7,2.5,-0.8,2.0,0.9,0.2,3.9,2.0,-0.1,5.7,-0.2,0.4,2.7,-0.9,-1.3,3.1,1.5,3.4,-0.9,4.3,1.4,3.6,2.4,4.6,-1.1,-1.0,6.8,4.6,-0.2,6.9,3.5,5.6,2.4,1.3,4.8,2.1,0.5
258,Q,DW_NEW,RCH_Q,CY,,,,,,,,,,,,,,,,,,,,,,-1.3,-1.4,-1.2,0.6,1.5,-3.2,-3.5,-0.2,-0.2,5.2,-2.8,-1.8,-0.5,-2.7,-3.8,-3.0,9.0,-3.0,-0.4,-4.9,4.1,2.4,-3.7,-5.5,-1.8,13.3,6.2,-8.6,15.7,0.2,-2.8,-5.4,-0.8,8.5,-1.5,9.7,6.4,-6.3,-2.4,7.1,4.4,-3.8,5.0,-12.1,8.7,4.5,-5.3,1.2,2.6,12.5,-8.3,8.8,-0.7,3.4,1.1,4.3,-0.1,2.7,-2.1,3.3,-3.7,5.7,0.3
259,Q,DW_NEW,RCH_Q,CZ,,,,,,,,,,,,,,3.4,-0.1,1.5,2.0,0.1,-0.3,-2.4,-1.0,0.9,-1.2,-0.6,-0.3,1.1,-1.6,-1.6,-0.2,-0.1,-1.2,1.5,-1.3,1.0,0.0,0.5,1.1,-0.5,0.5,0.8,1.7,2.7,0.4,0.6,0.4,2.5,1.9,4.9,4.3,3.4,2.2,0.1,3.5,5.2,3.5,0.7,1.8,2.3,0.9,0.9,3.1,2.8,2.8,1.9,4.1,5.2,8.5,5.4,7.9,1.1,0.1,-2.9,-0.4,1.1,0.2,-0.2,-0.1,3.9,2.4,3.4,2.7,5.7,2.1,0.7
260,Q,DW_NEW,RCH_Q,DE,,-2.6,2.0,-1.2,0.1,-2.2,1.5,1.1,-3.6,6.1,0.7,-0.4,0.3,1.2,0.5,-0.8,3.5,-0.2,3.8,0.8,-1.2,0.0,2.7,-0.5,1.2,3.2,1.6,-1.3,0.9,0.7,1.0,1.3,-1.0,1.2,-0.5,-0.3,1.2,2.2,1.9,0.4,1.0,1.6,1.6,2.0,1.5,1.9,1.2,1.9,-0.2,1.1,2.2,1.3,1.8,1.4,2.5,-0.8,-0.4,1.6,1.6,3.2,-0.9,2.5,1.6,3.2,-1.6,3.6,2.8,3.3,-1.2,2.8,1.1,-0.7,-2.2,-1.4,0.8,-1.2,-0.4,1.5,1.5,-0.3,1.9,-0.7,0.5,1.0
261,Q,DW_NEW,RCH_Q,DK,,12.3,9.2,6.7,5.1,11.1,6.1,-0.6,1.9,5.8,2.4,2.5,-4.8,-6.9,0.4,-4.2,-4.5,4.3,-2.7,-0.6,-0.6,0.0,0.0,0.2,4.7,5.7,7.9,-3.6,4.7,-3.4,8.9,7.0,34.8,17.4,-9.3,1.9,6.4,0.0,-2.3,23.7,1.8,-6.9,0.0,0.7,0.3,0.4,0.0,0.5,0.2,-0.2,0.1,0.3,0.6,1.2,0.0,0.4,-0.2,0.5,-0.4,0.7,0.1,0.6,-0.5,0.1,1.1,2.3,1.5,1.9,2.8,3.8,2.7,1.2,0.7,0.9,-0.8,0.8,1.2,1.3,-0.7,0.1,1.4,1.3,-0.6,0.0
262,Q,DW_NEW,RCH_Q,EA,,,,,,,,,,,,,,,,,,,,,-0.7,0.6,0.3,0.4,0.3,0.2,-0.4,-1.8,-1.2,-0.4,-0.7,0.0,-0.8,-0.3,0.3,-0.4,-0.1,0.4,0.8,0.1,0.2,1.2,1.4,0.4,0.6,1.5,1.0,0.7,0.3,1.3,1.3,1.1,0.8,1.4,1.4,0.5,0.6,1.6,1.5,1.3,0.8,1.2,1.6,1.6,0.4,1.8,2.7,2.4,1.3,3.2,0.7,0.7,0.2,0.9,1.2,0.6,0.4,2.0,1.7,1.1,0.2,1.2,1.4,1.3
263,Q,DW_NEW,RCH_Q,EA19,,,,,,,,,,,,,,,,,,,,,-0.6,0.6,0.3,0.4,0.3,0.2,-0.4,-1.7,-1.2,-0.4,-0.6,0.0,-0.8,-0.3,0.3,-0.4,-0.1,0.5,0.8,0.1,0.2,1.2,1.4,0.4,0.6,1.5,1.0,0.7,0.3,1.3,1.3,1.1,0.8,1.4,1.4,0.5,0.6,1.6,1.5,1.3,0.8,1.2,1.6,1.6,0.4,1.8,2.7,2.4,1.3,3.2,0.7,0.7,0.2,0.9,1.2,0.7,0.4,1.9,1.7,1.1,0.1,1.2,1.4,1.3
264,Q,DW_NEW,RCH_Q,EA20,,,,,,,,,,,,,,,,,,,,,-0.6,0.6,0.3,0.4,0.3,0.2,-0.4,-1.7,-1.2,-0.4,-0.6,-0.1,-0.8,-0.3,0.3,-0.4,-0.1,0.5,0.8,0.1,0.1,1.1,1.4,0.4,0.6,1.4,1.0,0.7,0.2,1.3,1.3,1.1,0.8,1.4,1.4,0.5,0.6,1.6,1.5,1.3,0.8,1.2,1.6,1.6,0.5,1.9,2.7,2.4,1.3,3.2,0.8,0.7,0.2,0.9,1.2,0.6,0.4,2.0,1.7,1.1,0.2,1.2,1.4,1.3
265,Q,DW_NEW,RCH_Q,EA21,,,,,,,,,,,,,,,,,,,,,-0.6,0.6,0.3,0.4,0.3,0.2,-0.4,-1.7,-1.1,-0.4,-0.6,-0.1,-0.8,-0.3,0.3,-0.4,-0.1,0.5,0.8,0.1,0.1,1.2,1.4,0.4,0.6,1.4,1.0,0.7,0.3,1.3,1.3,1.1,0.8,1.5,1.4,0.5,0.7,1.5,1.5,1.4,0.8,1.1,1.7,1.6,0.5,1.8,2.7,2.3,1.4,3.2,0.9,0.7,0.1,1.0,1.3,0.6,0.6,2.0,1.8,1.1,0.2,1.3,1.4,1.3
266,Q,DW_NEW,RCH_Q,EE,,13.5,1.6,10.8,7.9,-0.8,11.6,20.4,7.6,7.5,-2.8,1.3,-1.9,-11.1,10.6,-14.8,-21.2,-1.9,-8.3,-10.5,21.2,2.6,7.7,-8.2,0.1,6.0,12.8,1.4,-1.3,6.7,0.3,-5.0,6.7,-3.1,11.0,5.2,8.5,-6.4,15.4,-0.5,8.4,-2.9,-0.2,-0.7,-1.6,4.2,10.4,-0.2,-3.1,-2.4,8.5,0.7,5.8,-0.7,-2.7,2.8,4.8,-0.1,2.6,2.2,7.0,-2.6,1.5,3.0,6.9,0.1,2.4,6.8,3.9,8.6,-1.7,4.2,5.5,2.0,-2.2,5.1,-1.6,3.3,1.7,-1.4,0.3,3.0,0.9,-1.8
267,Q,DW_NEW,RCH_Q,ES,,,,,3.1,3.0,3.9,3.0,2.9,3.0,2.1,1.5,0.4,1.3,0.5,-1.3,-2.4,-0.7,-1.3,-0.8,-1.5,1.9,-1.2,-0.4,-1.3,-1.5,-3.5,-6.0,-4.8,-2.6,-2.9,-1.1,-1.6,-2.4,2.3,-1.2,0.1,0.6,1.2,-0.1,2.2,1.5,0.6,1.3,2.4,3.8,-0.4,-1.6,3.8,2.8,1.5,-0.8,2.0,2.6,2.0,1.3,4.3,-0.4,1.8,-0.4,5.2,-2.2,4.8,0.5,-0.5,1.1,2.9,2.3,3.3,0.0,0.9,1.9,3.2,1.6,3.9,-1.3,5.5,2.7,2.8,0.8,5.5,2.6,0.5,2.2
268,Q,DW_NEW,RCH_Q,EU,,,,,,,,,,,,,,,,,,,,,-0.7,0.6,0.3,0.4,0.2,0.2,-0.3,-1.4,-1.0,-0.3,-0.6,0.1,-1.1,-0.2,0.2,-0.1,0.0,1.0,0.6,0.2,0.2,1.1,1.4,0.3,0.8,1.3,1.0,1.0,0.2,1.5,1.2,1.1,1.2,1.4,1.4,0.8,0.8,1.3,1.4,1.2,1.0,1.0,1.5,1.5,1.0,1.9,2.6,2.8,2.1,2.9,1.4,1.0,0.2,1.5,1.9,1.8,1.3,2.1,1.7,1.0,0.5,1.3,1.4,1.4
269,Q,DW_NEW,RCH_Q,EU27_2020,,,,,,,,,,,,,,,,,,,,,-0.7,0.5,0.3,0.4,0.2,0.2,-0.3,-1.4,-1.0,-0.4,-0.6,-0.1,-1.1,-0.4,0.1,-0.3,-0.1,0.8,0.6,0.2,0.2,1.2,1.3,0.2,0.7,1.1,1.1,1.0,0.1,1.5,1.2,1.1,1.0,1.6,1.3,0.9,0.8,1.5,1.3,1.5,1.0,1.0,1.5,1.5,1.0,1.9,2.6,2.8,2.1,2.9,1.4,1.0,0.2,1.5,1.9,1.8,1.3,2.1,1.7,1.0,0.5,1.3,1.4,1.4
270,Q,DW_NEW,RCH_Q,EU28,,,,,,,,,,,,,,,,,,,,,-0.7,0.5,0.3,0.4,0.2,0.2,-0.3,-1.3,-1.0,-0.3,-0.6,0.1,-1.1,-0.2,0.2,-0.1,0.0,1.0,0.6,0.2,0.2,1.1,1.4,0.3,0.8,1.3,1.0,1.0,0.2,1.5,1.2,1.1,1.2,1.4,1.4,0.8,0.8,1.3,1.4,1.2,,,,,,,,,,,,,,,,,,,,,,,,
271,Q,DW_NEW,RCH_Q,FI,,,,,,,,,,,,,,,,,,-1.1,0.5,0.3,1.0,-0.8,2.0,0.4,0.8,2.0,1.1,1.0,1.5,1.5,0.4,0.7,0.9,-0.1,0.7,-0.6,1.1,0.3,-0.3,0.4,-0.4,1.7,-0.4,0.6,1.4,-0.5,1.7,-0.9,3.0,1.0,-0.1,-0.1,1.4,0.4,1.4,-1.0,-0.3,1.5,1.4,1.1,0.6,0.5,-0.3,3.4,1.5,1.7,-0.1,0.8,3.3,-0.1,1.9,-3.3,0.4,4.9,-5.1,-1.6,2.1,-2.2,-1.2,1.7,3.9,-5.2,-0.1,4.7
272,Q,DW_NEW,RCH_Q,FR,,3.3,2.2,2.5,1.7,3.0,0.8,1.4,1.2,1.7,1.2,-0.1,-0.2,2.3,-1.3,-1.5,0.4,1.1,-0.1,0.9,-0.1,1.7,0.5,1.3,2.0,1.0,0.5,0.4,-1.0,0.3,-1.0,-0.2,-0.7,0.5,1.6,-0.6,-0.5,-0.5,1.2,-0.2,0.6,0.8,0.3,0.0,-0.2,1.1,1.3,0.6,1.5,0.8,0.2,1.2,0.4,0.7,-0.1,1.8,-0.1,2.1,0.8,1.1,0.5,-0.2,1.3,0.9,1.3,1.3,1.1,1.6,0.7,2.9,1.3,0.4,-0.1,0.3,-0.4,-0.7,-0.6,0.2,0.8,0.1,0.9,0.3,-0.3,-0.7
273,Q,DW_NEW,RCH_Q,HR,,,,,,,,,,,,,,1.5,2.1,-3.8,1.9,-1.2,-1.1,-4.4,-1.4,-3.3,-0.5,0.9,-1.1,3.4,0.8,1.8,-0.5,-1.1,-1.2,-3.7,2.0,-2.4,1.1,-1.7,-2.0,0.9,1.6,-0.9,-5.6,-2.2,2.3,-1.5,-0.4,-3.3,0.9,-1.9,-2.1,4.1,1.1,1.0,0.3,-0.5,2.3,0.7,7.4,-2.2,2.4,-0.5,-0.7,3.4,-0.5,-2.0,4.3,4.8,1.3,3.9,9.2,0.9,2.6,3.1,0.9,5.3,2.5,-4.8,3.3,4.5,1.5,1.3,6.4,1.5,2.6,3.5
274,Q,DW_NEW,RCH_Q,HU,,,,,,,,,,2.2,-0.4,-0.5,0.7,2.1,0.3,-0.5,0.1,-1.6,-4.1,-1.3,-1.5,1.6,-2.0,-2.0,0.2,-1.2,-1.5,0.9,0.8,-1.1,1.6,-1.9,0.7,1.5,-0.1,0.8,0.9,4.2,-0.9,-1.4,5.4,2.1,5.2,-2.2,5.5,3.4,-0.1,1.9,9.0,5.3,2.9,4.4,4.8,1.0,2.9,0.3,6.0,2.6,2.0,-1.5,8.6,2.3,1.8,1.2,9.5,5.3,2.4,4.9,9.7,4.2,0.4,3.8,3.4,8.2,-1.2,5.6,5.3,1.7,1.6,4.8,3.1,-0.9,1.2,-0.8
275,Q,DW_NEW,RCH_Q,IE,,,,,,,,,,,,,,,,,,,,,,-3.5,-3.8,-4.7,-3.7,-4.4,-5.8,-6.2,-2.6,-0.7,-1.7,-2.1,-5.7,-1.1,2.8,0.6,0.1,3.8,8.1,3.9,0.6,4.4,4.7,2.4,1.2,-0.3,2.0,1.2,0.8,1.0,3.5,0.8,3.2,3.3,2.2,0.9,0.0,1.1,1.1,0.2,0.2,0.6,0.6,0.7,0.6,0.3,1.6,2.7,1.4,1.9,2.8,3.6,2.3,1.9,2.2,2.5,1.6,0.9,1.3,1.4,0.4,1.1,2.4,2.0
276,Q,DW_NEW,RCH_Q,IT,,,,,,,,,,,,,,,,,,,,,,0.4,1.1,1.6,-0.3,1.7,0.4,0.7,0.8,0.8,-0.7,0.4,-1.0,-0.1,-0.5,-1.0,-1.0,-0.4,-0.5,-0.5,-2.0,-0.5,2.8,-1.3,0.0,0.2,0.3,0.5,-2.4,1.1,-0.4,1.9,-1.6,1.3,0.0,0.9,-0.7,0.3,0.8,1.0,-1.1,2.0,1.1,-0.2,1.0,0.0,3.1,1.1,0.7,6.8,-5.4,2.7,1.5,2.0,1.5,3.5,-1.8,4.8,2.2,3.8,-8.8,4.4,2.4,1.3
277,Q,DW_NEW,RCH_Q,LT,,,,,,0.2,14.9,13.8,-6.6,-1.1,6.2,3.6,8.4,4.6,-2.6,-2.1,-19.2,-3.5,-8.4,-8.9,2.4,-1.0,-0.8,2.4,5.9,5.7,-3.4,1.4,7.5,-6.2,11.3,-2.3,-1.1,-2.0,-2.8,1.2,1.3,5.9,0.2,0.9,2.7,0.6,2.1,-5.2,0.3,1.5,6.4,1.5,1.6,3.2,1.7,0.5,2.3,2.7,1.7,1.2,3.1,-0.2,0.6,2.4,1.6,1.0,1.0,5.0,3.5,2.6,5.7,4.2,4.1,6.8,3.9,5.9,2.8,2.1,4.3,1.0,3.9,2.5,-0.4,2.6,2.0,2.4,1.9,2.3
278,Q,DW_NEW,RCH_Q,LU,,,,,,,,,,1.6,3.7,1.8,0.5,2.4,-0.7,2.8,0.4,-0.9,0.1,1.9,3.0,-1.3,3.4,-1.2,-1.9,1.8,3.7,-0.5,-0.4,2.5,0.8,2.7,1.6,1.0,2.9,2.5,-7.8,6.8,3.1,2.5,-0.1,2.4,2.2,0.4,0.2,4.3,-1.4,3.1,0.7,1.4,0.8,2.3,1.6,-1.1,4.3,0.7,-1.7,8.0,1.1,4.7,4.3,3.2,-1.6,8.1,4.7,0.1,-2.2,7.7,3.0,0.5,6.1,-0.4,-6.2,3.1,-4.2,-0.2,-4.3,4.6,-2.5,0.0,-2.1,7.6,-2.5,-0.8
279,Q,DW_NEW,RCH_Q,LV,,,,,,4.7,7.8,4.0,16.2,-5.6,13.6,4.4,0.2,1.8,-6.9,-12.7,-20.8,-18.2,10.8,-8.4,-5.6,2.5,1.4,10.8,-2.2,15.2,25.2,-2.4,3.7,-6.7,12.4,-5.9,-1.7,-0.1,10.1,5.4,1.0,2.6,5.5,-22.3,5.4,1.2,0.2,7.2,-2.4,9.4,-5.5,0.3,4.4,3.2,4.9,-2.7,8.8,-2.5,-5.4,4.2,1.4,6.2,6.5,-1.7,4.0,0.1,-1.6,4.0,-3.7,2.2,1.8,2.1,-0.7,11.0,-0.2,8.4,-1.3,8.2,0.0,4.6,-1.9,8.5,0.7,-2.7,0.2,3.1,3.4,-0.3
280,Q,DW_NEW,RCH_Q,MT,,,,,,,,,,,,,,-3.2,3.3,-3.2,-2.2,0.0,0.0,0.0,4.0,-3.2,4.7,-6.1,0.6,1.3,-0.2,-1.0,1.0,0.0,4.7,0.2,-4.5,-0.2,1.7,-2.3,0.9,-0.2,3.1,2.7,-1.1,-0.9,7.3,2.4,-4.3,1.3,4.8,3.1,-4.4,2.0,4.9,3.0,-4.7,5.7,0.7,5.0,-4.1,4.0,2.8,2.9,-4.8,1.7,1.9,2.5,-0.5,2.3,2.4,0.8,0.4,4.3,1.2,0.7,1.4,1.4,1.5,1.8,1.8,1.6,1.6,1.1,1.2,1.3,2.0,1.5
281,Q,DW_NEW,RCH_Q,NL,,0.8,1.8,0.1,-0.1,1.6,0.7,2.2,2.2,-0.3,3.4,3.0,-4.0,0.4,1.9,-6.7,-2.8,-4.5,1.6,3.4,-1.0,-1.2,0.1,1.9,2.5,-4.5,0.6,-1.9,-5.7,-0.1,-3.6,7.3,-6.1,-2.3,2.7,-0.2,0.2,-0.9,-1.9,3.6,2.2,1.5,3.4,-0.7,-0.5,2.2,1.6,2.3,1.9,-0.7,4.0,5.3,0.2,1.2,5.2,0.5,1.8,2.3,1.7,2.2,0.6,4.4,3.3,-0.6,3.9,3.9,1.4,3.3,3.5,4.6,2.3,0.5,-0.3,1.6,-0.4,1.6,-0.9,0.0,3.9,2.6,2.6,-1.3,3.3,1.5
282,Q,DW_NEW,RCH_Q,NO,,,,,,,,,,,,,,,,,,,,,,3.7,-0.5,-0.1,5.1,2.0,0.5,3.6,0.2,3.9,-1.1,2.6,2.3,-0.3,1.0,-0.7,-0.8,3.9,0.7,0.2,2.4,1.8,0.7,0.8,0.7,4.5,1.4,3.3,1.1,0.6,-2.6,3.1,-0.3,-0.3,1.7,3.3,1.2,3.1,-1.9,1.9,1.3,2.5,2.5,-1.0,2.2,2.4,3.1,1.0,2.9,-0.3,3.8,-2.7,4.9,-0.2,-1.3,3.2,0.3,2.5,1.0,-0.5,1.4,4.3,-0.5,0.8
283,Q,DW_NEW,RCH_Q,PL,,,,,,,,,,,,,,,,,,,,,,-0.6,1.1,1.8,-0.6,-0.2,-0.3,1.1,-0.2,-0.6,-0.8,0.1,-3.2,-0.9,-1.3,-0.1,-0.8,3.2,-0.7,0.8,0.5,1.5,0.4,-1.0,0.6,-1.0,1.9,1.9,-0.9,1.5,1.0,1.4,1.4,1.5,0.3,3.0,1.6,1.6,0.4,2.8,1.6,0.4,2.1,1.7,2.1,2.5,2.8,4.2,3.3,0.2,4.5,2.1,0.2,3.3,4.0,6.3,4.7,3.0,1.8,1.1,0.9,1.6,1.0,2.1
284,Q,DW_NEW,RCH_Q,PT,,,,,,,,,,,,,,0.1,-4.8,-0.6,2.5,0.2,-0.5,0.0,0.8,0.5,-0.3,-0.5,-0.3,-1.9,-0.6,-2.2,-1.4,-3.2,-0.2,0.1,0.3,-1.9,0.5,1.6,2.7,1.5,0.0,-2.9,0.2,5.3,-1.8,1.2,0.1,2.1,0.3,1.0,0.8,3.3,1.7,0.0,4.4,0.1,1.1,2.7,2.0,4.2,1.2,0.6,3.6,1.4,-0.3,2.7,1.5,3.0,4.0,1.7,1.8,0.6,4.0,0.5,0.5,2.8,2.0,1.5,-0.8,3.8,3.3,2.9,3.7,3.8,2.9,2.6
285,Q,DW_NEW,RCH_Q,RO,,,,,,,,,,,,,,,,,,-4.3,1.2,-2.1,0.3,-3.0,-5.7,0.3,0.2,-5.2,7.2,1.4,-1.0,-0.3,-1.7,2.5,-4.2,-0.9,-2.2,0.8,2.1,-2.4,-1.6,1.3,0.1,-2.7,2.2,-1.5,5.4,2.4,-3.2,2.0,-4.1,8.3,-4.0,0.4,1.5,2.1,0.8,1.0,-1.4,0.4,1.9,1.7,2.2,-0.1,-2.4,2.9,0.3,0.9,-2.9,5.1,2.4,7.1,0.2,2.8,0.7,0.7,5.3,3.1,2.3,0.6,0.6,-1.0,2.1,-0.1,2.9,1.0
286,Q,DW_NEW,RCH_Q,SE,,0.6,-0.3,0.2,2.3,-0.3,1.8,1.7,0.8,3.0,2.4,1.3,0.1,0.2,0.5,2.8,3.5,-0.9,0.7,2.7,-0.5,1.3,2.2,0.4,1.6,2.1,0.5,1.1,-0.1,0.3,1.0,0.4,-0.3,-3.0,0.5,1.7,1.6,0.4,1.0,-0.7,0.3,0.6,1.4,2.9,1.0,2.3,0.5,0.6,1.7,0.9,3.4,3.0,1.9,2.0,2.5,2.5,0.8,-0.5,1.8,-1.1,-0.5,0.7,-1.6,-2.8,2.3,-0.4,2.2,2.8,5.7,3.4,2.9,4.1,-0.3,-0.5,-2.1,-1.8,-2.0,-1.7,-1.0,-1.5,-1.3,-0.9,1.9,3.7
287,Q,DW_NEW,RCH_Q,SI,,,,,,,,,,0.8,5.8,9.1,0.7,0.1,1.0,-0.2,-10.4,-0.6,-3.9,0.0,-1.8,2.9,-1.9,1.1,5.9,0.5,-4.2,2.1,-6.8,-1.0,-0.6,-5.7,3.8,1.2,-10.7,3.6,2.0,-6.8,-1.0,2.6,1.0,4.4,-6.9,6.0,-3.3,0.1,0.4,6.4,1.1,3.2,0.1,6.8,6.7,-5.0,0.9,-3.3,4.3,1.1,-4.4,2.9,0.1,7.1,-4.4,2.8,6.9,2.5,0.6,5.7,-5.8,7.4,4.6,2.0,-6.5,2.7,8.4,5.7,-0.7,3.6,-0.2,1.0,-8.8,9.9,-10.6,11.6
288,Q,DW_NEW,RCH_Q,SK,,,,,,,,,,,,,,,,,,,,,,-1.4,-0.8,-0.1,-0.3,-4.1,3.5,-0.3,-3.9,-3.1,2.0,-2.3,1.6,0.0,-0.1,-0.8,-0.1,2.5,-1.0,3.2,-1.6,2.4,-0.3,1.3,1.6,3.1,0.6,0.8,-0.7,4.8,4.4,-0.7,3.9,-1.0,-1.4,2.8,0.9,2.5,4.0,-0.3,3.3,0.6,3.8,-1.4,-0.4,-1.1,8.1,4.1,4.4,4.7,0.7,1.5,-2.8,-3.3,-0.3,2.1,-2.2,3.5,0.8,3.6,2.8,2.9,1.9,1.7
289,Q,DW_NEW,RCH_Q,TR,,,,,,,,,,,,,,,,,,,,,,1.4,2.0,2.1,2.4,2.6,1.5,2.4,3.3,3.0,3.1,1.4,3.4,3.0,3.7,1.4,1.5,3.1,3.7,2.9,3.7,3.8,3.6,2.3,2.8,3.1,2.1,2.8,3.2,2.4,1.7,2.7,2.2,3.0,1.0,1.0,0.8,0.8,3.7,4.8,7.4,5.0,10.6,6.6,6.6,10.2,11.2,18.8,34.5,51.9,11.0,14.3,25.1,16.7,19.7,11.5,5.3,7.3,5.7,7.8,,,,
290,Q,DW_NEW,RCH_Q,UK,,3.3,1.7,1.3,0.1,3.1,1.3,1.9,0.9,3.8,1.8,0.1,-0.1,-0.9,-5.6,-6.6,-3.1,-0.2,1.9,1.0,-0.3,1.4,0.8,0.2,0.3,0.7,-0.2,-0.5,-1.2,1.4,-1.0,2.4,-1.9,2.5,1.4,2.4,1.0,3.9,1.0,0.9,0.6,0.6,2.4,2.5,2.6,3.9,-0.2,1.8,1.3,0.7,1.8,0.1,3.1,-0.9,1.7,-0.6,1.0,-1.0,2.4,-2.8,3.2,-0.5,2.6,,,,,,,,,,,,,,,,,,,,,
291,Q,TOTAL,I10_Q,AT,,,,,,,,,,,,,,,,,,,,,97.06,99.85,101.12,101.96,102.11,105.11,106.81,107.41,110.32,110.5,114.72,113.81,115.18,119.3,118.71,118.56,120.13,122.02,123.28,124.33,126.98,129.29,130.92,130.12,134.55,137.99,139.77,139.67,141.94,145.44,147.01,145.68,148.89,153.82,155.32,156.68,157.17,162.67,165.29,166.49,169.76,173.41,178.46,179.38,186.33,192.85,198.54,203.48,212.91,219.11,224.49,215.1,212.54,212.97,212.47,208.72,206.32,212.53,213.56,211.09,213.6,215.91,217.1,219.0
292,Q,TOTAL,I10_Q,BE,76.46,78.15,80.92,82.59,84.17,86.44,89.02,89.69,91.76,93.61,95.31,95.74,96.62,97.92,99.42,98.83,97.57,96.69,98.92,98.01,98.37,99.17,101.32,101.15,102.09,102.8,104.86,104.58,105.37,105.59,106.74,106.37,106.84,107.36,108.59,107.57,106.37,106.36,107.87,108.3,106.93,108.22,110.8,110.74,109.58,110.72,113.13,113.43,113.93,114.06,117.7,116.97,117.22,118.46,120.79,120.15,121.19,122.09,125.95,125.25,125.81,127.31,129.97,132.59,133.64,136.23,139.78,140.42,141.95,144.3,147.34,146.89,147.42,146.89,148.81,150.96,152.14,151.71,154.11,155.22,156.2,156.05,159.74,160.59
293,Q,TOTAL,I10_Q,BG,71.84,74.91,77.07,78.93,82.67,84.03,87.86,92.71,101.34,106.77,114.76,124.82,133.34,141.17,145.47,139.44,123.6,111.68,106.44,103.57,101.3,100.68,99.59,98.43,96.43,94.73,94.08,92.72,92.84,93.25,93.16,91.5,90.73,91.19,90.28,90.41,91.35,91.65,91.87,92.92,93.43,94.24,93.77,96.62,97.7,100.41,102.02,104.46,106.48,109.04,111.16,112.97,114.03,117.23,118.13,119.23,122.35,123.11,124.73,126.64,128.1,126.72,131.19,133.48,137.72,138.21,142.62,146.0,153.6,158.39,164.86,165.53,168.16,175.32,180.02,182.2,195.1,201.82,209.73,215.49,224.52,233.11,241.96,242.63
294,Q,TOTAL,I10_Q,CY,82.74,84.48,87.5,89.14,91.27,94.28,98.0,101.12,103.11,106.03,109.88,110.82,114.78,115.52,113.99,109.8,108.42,107.33,105.57,102.99,101.31,99.9,99.54,99.24,98.82,100.97,98.51,95.31,94.24,93.9,97.56,95.86,92.6,92.8,91.28,89.26,86.88,91.72,90.97,89.95,86.38,89.1,90.78,88.04,85.27,85.56,90.2,92.64,88.59,94.17,94.34,93.08,90.72,88.87,93.05,92.57,97.56,102.62,98.19,97.39,102.35,105.26,102.31,106.34,97.45,102.75,106.81,102.92,104.15,106.48,115.98,109.96,116.65,117.1,120.92,122.22,127.13,126.96,129.99,127.73,133.08,130.63,135.46,135.44
295,Q,TOTAL,I10_Q,CZ,,,,,,,,,,,,,102.1,106.2,107.8,107.3,104.9,101.6,100.7,100.0,100.0,100.2,99.9,100.0,100.1,100.7,100.1,99.1,98.7,98.7,98.5,98.4,98.3,98.8,98.7,98.5,99.7,100.6,101.4,102.2,103.3,104.4,105.7,106.8,108.1,110.3,113.2,118.5,122.1,125.1,127.3,128.5,131.3,135.1,138.5,141.1,144.1,147.6,150.6,153.7,156.5,159.1,163.2,167.5,177.4,186.5,199.3,210.7,220.6,228.1,230.4,225.3,222.4,221.6,222.4,222.9,225.0,231.0,236.0,241.8,247.5,255.2,261.5,266.8
296,Q,TOTAL,I10_Q,DE,100.4,98.6,100.7,97.8,99.2,99.6,98.2,99.0,95.4,97.5,97.3,97.3,98.8,99.1,97.3,97.6,97.6,99.1,98.9,100.4,99.0,100.5,100.6,99.9,102.7,103.9,103.4,104.1,105.0,106.3,107.8,109.3,108.9,111.0,110.8,111.0,111.9,114.1,114.8,114.7,116.6,119.2,119.8,121.5,123.9,127.5,129.7,131.7,132.3,134.9,137.1,139.9,141.1,143.9,146.8,148.6,148.6,152.4,154.6,158.3,159.6,162.4,167.3,172.1,174.5,181.1,188.6,193.8,195.7,199.7,198.3,189.0,183.4,180.8,178.1,174.7,173.9,176.3,177.7,178.0,180.0,181.8,183.3,183.3
297,Q,TOTAL,I10_Q,DK,83.27,87.64,94.37,100.58,107.74,114.32,116.55,115.36,115.83,117.37,117.56,115.35,113.88,114.23,111.31,102.63,96.12,97.27,98.04,97.67,98.3,100.38,101.19,100.14,99.17,101.41,98.06,94.57,94.58,95.96,96.25,95.8,97.1,100.56,100.61,99.21,100.62,104.44,103.91,103.5,104.26,110.48,113.16,113.35,109.55,114.97,118.76,118.11,116.15,121.09,123.9,123.12,123.11,127.83,128.1,126.56,126.71,129.55,130.95,129.61,130.47,133.24,136.4,138.97,142.32,150.27,154.22,154.49,156.04,158.8,159.28,155.53,149.06,149.66,152.3,154.72,150.75,155.48,160.24,160.57,164.05,166.85,170.41,172.76
298,Q,TOTAL,I10_Q,EA,88.23,89.59,91.85,92.51,94.22,96.18,97.54,98.68,98.77,100.52,101.55,101.76,102.25,102.59,102.08,100.47,99.16,98.91,98.85,99.29,98.9,100.06,100.56,100.48,100.87,101.72,101.43,100.37,99.5,99.2,98.89,98.45,96.87,97.23,97.32,96.79,96.6,97.45,97.87,97.35,97.34,98.81,99.7,99.87,100.76,102.45,103.97,104.51,105.18,106.8,108.5,109.32,110.26,112.02,113.75,114.47,114.92,117.0,118.66,119.64,121.0,122.95,124.63,126.36,128.11,131.64,135.87,138.42,140.87,144.01,145.27,142.71,141.44,141.69,141.99,140.92,141.08,143.68,145.95,146.77,148.58,151.08,153.32,154.31
299,Q,TOTAL,I10_Q,EA19,87.51,88.86,91.14,91.97,93.79,95.82,97.29,98.61,98.85,100.69,101.87,102.16,102.76,103.13,102.55,100.78,99.28,98.97,98.88,99.28,98.89,100.05,100.57,100.49,100.91,101.76,101.49,100.43,99.56,99.26,98.97,98.53,96.97,97.35,97.43,96.92,96.75,97.61,98.05,97.51,97.51,98.98,99.87,100.04,100.93,102.62,104.15,104.68,105.36,106.98,108.68,109.51,110.45,112.21,113.95,114.67,115.12,117.2,118.86,119.85,121.2,123.16,124.84,126.58,128.33,131.87,136.1,138.65,141.12,144.26,145.52,142.96,141.64,141.86,142.16,141.04,141.17,143.74,146.0,146.82,148.58,151.04,153.26,154.22
300,Q,TOTAL,I10_Q,EA20,87.46,88.8,91.07,91.91,93.79,95.79,97.3,98.62,98.91,100.75,101.91,102.23,102.82,103.19,102.62,100.85,99.36,99.03,98.92,99.31,98.91,100.05,100.56,100.48,100.9,101.75,101.49,100.44,99.58,99.27,98.98,98.51,96.97,97.34,97.42,96.91,96.73,97.6,98.03,97.49,97.47,98.92,99.81,99.98,100.87,102.54,104.07,104.59,105.27,106.9,108.59,109.44,110.38,112.13,113.87,114.6,115.07,117.16,118.81,119.82,121.18,123.14,124.8,126.55,128.3,131.84,136.06,138.62,141.11,144.28,145.56,143.07,141.79,142.05,142.35,141.28,141.43,144.04,146.31,147.14,148.96,151.46,153.7,154.7
301,Q,TOTAL,I10_Q,EA21,87.27,88.62,90.89,91.74,93.64,95.63,97.16,98.51,98.87,100.74,101.96,102.37,103.01,103.45,102.91,101.11,99.52,99.12,98.97,99.34,98.93,100.06,100.55,100.47,100.86,101.69,101.42,100.37,99.52,99.21,98.93,98.45,96.91,97.28,97.35,96.85,96.68,97.54,97.97,97.44,97.44,98.88,99.76,99.95,100.85,102.53,104.05,104.6,105.29,106.92,108.62,109.48,110.41,112.18,113.91,114.64,115.14,117.22,118.87,119.89,121.25,123.18,124.87,126.62,128.39,131.91,136.13,138.7,141.24,144.42,145.75,143.3,142.05,142.38,142.72,141.68,141.95,144.59,146.91,147.79,149.66,152.21,154.51,155.5
302,Q,TOTAL,I10_Q,EE,79.17,89.31,94.29,106.64,120.55,132.74,142.04,156.92,162.02,172.4,167.44,165.03,159.97,155.2,154.99,132.61,104.09,96.77,89.59,88.06,98.35,99.25,103.01,99.4,104.9,107.95,110.01,111.09,112.54,116.24,119.19,117.58,121.21,125.67,132.39,135.87,142.42,143.94,149.87,149.56,153.85,159.0,155.92,157.21,157.0,161.92,167.42,169.34,169.14,169.67,175.36,177.61,180.23,182.21,182.64,187.73,190.9,192.71,197.43,203.11,212.8,200.47,205.13,212.85,226.81,232.69,240.55,256.31,274.44,296.33,298.81,299.5,299.58,311.1,310.27,316.75,322.97,331.92,330.25,328.08,337.88,350.15,347.4,346.28
303,Q,TOTAL,I10_Q,ES,,,,91.94,95.36,99.44,102.69,105.34,107.87,110.95,112.15,111.35,110.94,110.65,108.89,105.53,102.71,102.25,101.32,100.91,99.65,101.27,99.59,99.49,96.1,94.95,91.56,86.81,82.48,79.8,76.82,75.74,71.9,71.33,71.89,70.97,70.75,71.93,72.09,72.22,71.85,74.82,75.32,75.29,76.36,77.7,78.35,78.62,80.42,82.04,83.56,84.27,85.44,87.63,89.54,89.91,91.33,92.36,93.84,93.23,94.33,94.37,95.55,94.79,95.22,97.47,99.53,100.76,103.34,105.32,107.13,106.27,107.0,109.23,111.98,110.84,113.84,117.9,121.24,123.42,127.83,132.95,136.8,139.32
304,Q,TOTAL,I10_Q,EU,84.59,86.03,88.16,89.15,90.94,93.4,96.0,98.28,100.05,102.63,104.33,104.33,104.32,104.7,103.55,100.97,98.65,98.43,98.87,99.3,98.96,100.13,100.66,100.25,100.22,100.95,100.68,99.52,98.79,98.78,98.6,98.06,96.88,97.5,97.86,97.57,97.77,99.12,99.95,99.72,99.91,101.58,102.91,103.33,104.3,106.15,107.87,108.52,109.23,111.22,113.01,113.7,114.64,116.54,118.36,119.06,119.56,121.6,123.43,124.38,126.15,128.02,129.81,131.59,133.93,137.79,142.11,145.13,148.23,151.65,152.98,150.79,149.62,150.24,151.21,150.92,151.88,154.79,157.22,158.38,160.62,163.13,165.74,167.13
305,Q,TOTAL,I10_Q,EU27_2020,83.33,84.6,86.73,87.88,90.49,92.74,95.35,97.7,99.55,101.89,103.38,103.41,103.82,104.37,103.7,101.76,99.87,99.4,99.34,99.52,99.05,100.1,100.48,100.37,100.61,101.34,100.84,99.72,99.04,98.75,98.36,97.87,96.59,97.0,97.04,96.62,96.63,97.61,98.04,97.74,98.02,99.58,100.56,100.84,101.76,103.49,105.1,105.84,106.61,108.49,110.11,110.91,111.98,113.93,115.64,116.51,117.29,119.48,121.23,122.38,124.12,125.96,127.73,129.48,131.77,135.57,139.83,142.8,145.84,149.21,150.52,148.37,147.22,147.82,148.78,148.5,149.43,152.3,154.69,155.84,158.04,160.51,163.07,164.44
306,Q,TOTAL,I10_Q,EU28,83.98,85.43,87.57,88.58,90.92,93.35,96.01,98.3,100.09,102.66,104.35,104.37,104.35,104.74,103.6,101.02,98.71,98.47,98.9,99.32,98.97,100.13,100.65,100.25,100.21,100.95,100.68,99.53,98.79,98.78,98.6,98.05,96.86,97.48,97.85,97.56,97.75,99.1,99.93,99.7,99.89,101.56,102.89,103.31,104.28,106.13,107.85,108.5,109.21,111.2,112.99,113.68,114.62,116.52,118.34,119.04,119.53,121.58,123.4,124.36,,,,,,,,,,,,,,,,,,,,,,,,
307,Q,TOTAL,I10_Q,FI,78.41,80.67,81.99,83.79,84.79,86.71,87.32,88.66,90.63,92.2,92.48,92.67,93.6,94.43,93.22,89.67,91.78,93.23,94.64,96.61,98.8,99.66,100.78,100.76,102.09,103.91,103.65,103.07,104.8,105.92,105.83,106.12,106.79,107.24,107.09,106.45,106.58,107.02,106.55,105.9,105.98,106.97,106.82,106.3,107.07,108.23,108.57,107.67,108.33,109.95,109.19,108.77,109.43,110.73,110.24,109.88,109.81,111.5,110.8,110.02,111.07,112.23,112.68,113.92,115.65,118.44,118.16,118.36,119.14,120.86,119.55,115.58,112.64,113.53,110.25,109.16,108.11,108.48,108.06,107.15,106.05,107.05,104.33,103.78
308,Q,TOTAL,I10_Q,FR,80.02,83.41,87.33,89.0,90.99,93.82,96.71,97.52,98.28,99.99,102.22,102.83,102.22,102.62,102.84,99.44,95.74,94.41,95.92,96.2,96.91,98.85,101.52,102.72,103.39,105.41,107.56,106.55,105.14,105.22,105.88,104.37,103.1,103.0,103.91,102.78,101.59,101.79,102.55,100.54,99.64,99.81,101.18,100.41,99.99,100.5,102.62,102.11,102.8,103.8,105.93,105.52,105.78,106.7,108.93,108.86,108.83,110.13,112.62,112.98,114.16,115.82,118.11,119.58,120.46,122.44,126.44,127.85,128.93,131.17,134.69,133.84,132.67,132.06,132.59,129.07,126.29,126.01,127.97,126.61,126.87,126.87,128.81,127.89
309,Q,TOTAL,I10_Q,HR,,,,,,,,,,,,,111.51,112.26,114.37,111.36,110.97,107.25,105.35,103.45,101.45,100.02,99.14,99.39,98.5,100.06,100.76,101.38,100.8,99.45,98.76,95.42,95.31,94.71,95.02,93.81,93.19,93.98,93.24,92.46,91.47,89.74,90.4,90.49,91.62,90.78,91.71,91.2,91.3,94.64,95.17,98.17,99.07,98.91,101.67,102.78,106.41,109.17,109.86,113.07,116.1,118.2,117.45,120.35,121.48,125.85,128.04,131.25,137.82,142.97,147.05,153.99,157.11,162.61,163.02,168.59,171.46,178.81,183.03,185.59,193.88,202.46,208.27,215.38
310,Q,TOTAL,I10_Q,HU,,,,,,,,,101.47,103.95,108.05,108.96,107.36,108.8,109.22,107.08,106.44,103.19,101.49,98.68,101.1,100.58,100.1,98.22,97.94,97.13,95.83,95.39,96.32,93.02,92.24,90.41,90.7,90.9,91.03,89.83,91.55,93.48,95.23,97.39,99.93,105.37,110.04,111.73,116.8,119.55,123.0,124.87,130.52,133.98,138.03,140.89,148.04,152.17,158.54,162.63,176.21,182.09,184.95,183.52,190.84,186.74,193.89,191.2,209.22,218.24,226.29,234.74,257.77,272.51,280.78,275.93,287.01,289.92,291.09,295.96,321.37,327.26,330.81,343.92,376.11,372.66,400.06,416.91
311,Q,TOTAL,I10_Q,IE,118.83,121.34,126.06,131.61,134.0,139.31,147.69,150.91,153.55,154.1,153.9,153.04,149.81,145.72,141.83,134.56,125.12,116.52,111.68,109.08,105.26,101.67,98.71,94.36,90.08,85.41,80.33,75.86,72.44,70.78,71.62,72.2,70.14,70.15,74.11,76.22,77.43,81.75,88.36,91.15,91.01,93.05,96.0,97.44,97.84,98.9,103.18,105.76,106.98,109.35,115.31,118.11,120.18,123.1,125.81,126.68,125.5,126.18,128.0,127.71,126.75,126.61,126.98,128.61,130.56,133.68,140.44,146.38,150.12,152.79,157.11,158.94,157.76,156.95,159.3,163.92,167.71,170.2,175.07,179.28,181.04,183.41,188.14,191.86
312,Q,TOTAL,I10_Q,IS,74.43,82.35,88.04,91.74,94.96,98.35,99.96,99.91,100.45,105.27,110.26,114.13,115.46,115.01,114.48,111.91,107.59,102.35,100.12,102.45,99.35,99.74,99.97,100.94,100.54,103.81,106.01,108.18,109.39,111.7,113.1,113.26,114.02,117.12,120.01,122.09,124.88,127.82,129.1,131.3,135.04,138.05,139.6,142.7,145.71,148.08,153.78,162.07,169.52,180.66,188.34,190.14,192.75,195.1,199.19,201.66,202.97,204.32,205.74,210.57,212.51,217.02,221.03,225.79,230.84,242.98,251.2,261.15,272.23,293.29,311.68,316.04,315.17,322.96,320.03,327.95,333.06,342.82,355.75,358.08,358.76,364.45,368.13,369.89
313,Q,TOTAL,I10_Q,IT,,,,,,,,,,,,,,,,,,,,,98.9,99.8,100.6,100.7,100.1,102.2,101.9,101.2,100.7,100.0,98.2,96.2,93.6,93.3,91.9,90.6,89.5,88.6,87.6,86.3,84.4,84.5,85.3,84.5,84.5,85.1,85.2,84.7,83.9,84.3,84.0,83.7,83.4,84.0,83.3,83.2,82.7,83.9,83.6,83.4,84.1,86.7,84.5,84.7,85.6,87.0,88.0,88.0,89.5,91.5,90.5,90.4,90.4,92.1,92.0,92.0,91.9,94.8,95.5,96.1,95.9,98.5,99.1,100.0
314,Q,TOTAL,I10_Q,LT,,,,,102.85,103.8,114.26,126.81,132.13,137.6,146.57,149.25,154.27,159.72,156.87,145.52,116.35,110.2,105.13,100.24,98.28,100.44,99.68,101.6,105.93,106.74,106.49,107.25,106.88,105.75,106.81,105.99,106.72,108.31,106.41,109.16,110.83,115.33,117.2,114.91,115.78,119.35,121.21,118.7,119.68,123.41,127.65,129.96,131.9,136.01,138.54,138.88,142.25,146.08,147.68,149.15,153.44,155.71,157.19,158.87,163.01,166.56,167.27,173.81,182.52,188.67,198.85,208.26,217.48,230.29,237.16,241.62,246.04,251.83,257.88,261.74,270.42,277.91,280.74,287.38,294.16,302.28,311.16,318.54
315,Q,TOTAL,I10_Q,LU,,,,,,,,,90.67,91.29,95.0,94.48,94.05,96.77,96.42,96.61,94.31,94.9,94.04,96.19,99.94,98.56,100.08,101.42,100.99,103.41,103.41,106.9,105.56,107.63,107.92,111.01,111.25,112.64,114.05,115.72,114.0,118.2,119.77,121.59,122.03,124.62,126.36,126.11,128.07,131.57,133.55,135.91,137.06,140.01,140.11,141.63,145.8,147.11,150.71,154.63,155.97,163.89,167.71,171.19,178.02,185.6,190.88,199.75,208.6,210.55,216.15,223.95,230.02,235.08,239.95,236.28,226.1,221.18,206.53,202.1,200.77,202.66,202.69,204.95,202.82,211.81,204.37,205.1
316,Q,TOTAL,I10_Q,LV,,,,,111.95,123.48,136.32,148.34,167.51,172.47,186.09,182.67,195.45,191.9,179.0,150.23,123.18,110.82,109.02,106.21,97.72,98.07,100.6,103.61,108.25,110.15,113.7,109.58,111.05,112.36,115.18,116.26,116.39,121.19,122.61,125.8,128.67,130.56,135.71,120.18,120.26,124.53,124.96,128.08,128.81,136.31,136.96,138.02,140.77,148.76,149.0,148.96,156.84,161.68,159.73,165.44,166.82,174.48,179.94,180.08,181.42,177.1,183.05,184.1,186.65,198.53,205.74,213.8,219.12,230.94,233.72,232.25,231.98,243.36,240.77,234.15,240.38,245.1,253.42,251.28,253.45,260.95,273.55,278.81
317,Q,TOTAL,I10_Q,MT,62.23,62.04,67.19,65.28,68.48,76.17,78.64,84.45,88.85,93.1,94.73,95.68,103.7,99.45,105.94,104.56,100.77,98.61,99.82,96.56,100.51,100.13,103.3,96.06,97.38,99.73,99.99,97.46,99.41,98.3,105.48,103.4,100.37,98.97,103.62,101.97,101.96,101.86,103.9,107.56,104.68,105.53,112.83,116.34,110.16,112.9,118.22,122.06,116.0,119.6,124.15,128.07,122.2,126.86,131.01,135.96,130.2,134.84,138.89,143.75,137.37,140.14,142.59,146.11,143.7,147.65,151.06,152.68,153.44,158.87,160.63,161.74,164.65,167.23,169.72,172.52,175.73,178.76,181.53,183.55,186.14,188.84,192.35,194.82
318,Q,TOTAL,I10_Q,NL,93.82,94.8,96.18,96.62,97.66,98.93,100.07,100.97,102.28,103.21,105.19,106.21,106.27,106.46,107.8,105.53,104.49,101.48,100.59,100.56,100.17,100.05,100.18,99.59,99.74,98.31,97.93,96.12,94.36,92.8,89.15,89.51,87.07,85.25,85.84,85.6,85.96,86.44,86.96,87.29,88.17,88.99,90.62,91.05,91.97,93.32,95.61,96.91,98.85,100.52,103.36,105.62,107.93,110.01,113.43,115.01,116.92,118.54,120.65,122.49,124.96,127.92,130.97,133.09,137.89,144.02,152.13,157.79,164.1,169.17,170.4,166.75,164.29,162.29,164.08,166.91,170.33,174.76,181.19,185.07,188.63,191.39,195.21,196.47
319,Q,TOTAL,I10_Q,NO,69.8,71.74,72.38,72.45,76.96,80.76,83.41,84.41,89.71,93.07,92.93,90.85,93.0,94.15,90.93,84.55,88.06,92.72,94.36,94.36,97.58,101.16,100.66,100.59,105.75,108.44,108.86,109.61,112.28,115.92,116.52,117.11,120.38,121.75,121.1,118.47,120.0,124.41,125.24,125.23,129.73,132.85,133.22,132.14,135.76,141.47,145.02,147.31,151.6,152.5,148.28,148.13,149.9,153.21,153.49,153.32,156.46,160.6,159.08,158.34,161.26,165.68,169.19,169.66,177.12,182.76,184.09,182.78,190.88,194.91,195.24,188.25,194.12,198.64,194.35,192.28,197.65,204.53,203.73,201.4,210.99,215.34,214.19,212.98
320,Q,TOTAL,I10_Q,PL,,,,,,,,,,,,,,,,,,,,,99.05,100.25,100.39,100.32,100.25,100.9,99.8,99.34,98.0,97.35,96.02,94.96,92.51,92.33,92.26,92.31,91.99,94.02,93.42,93.63,93.79,95.1,95.28,94.57,94.69,95.48,97.27,98.34,97.84,99.83,100.84,102.13,103.66,106.0,107.4,109.94,112.05,114.66,117.02,120.31,124.66,127.17,129.78,131.07,133.66,137.77,141.35,146.91,151.78,154.81,158.49,160.63,160.51,165.7,173.16,181.53,189.41,194.97,198.08,200.4,201.87,204.19,205.98,209.09
321,Q,TOTAL,I10_Q,PT,,,,,,,,,,,,,101.75,102.08,99.26,97.56,98.43,99.34,99.39,99.79,100.36,100.75,99.96,98.93,98.23,96.11,94.53,91.51,90.21,88.16,87.28,87.85,86.11,85.93,86.39,88.39,89.57,91.01,90.64,90.34,90.3,93.68,93.75,94.86,96.56,99.58,100.89,102.06,104.23,107.6,111.41,112.76,116.97,119.69,120.83,123.27,127.74,131.02,133.82,136.07,141.28,143.76,143.09,146.88,150.62,154.99,159.56,163.91,170.12,175.41,180.54,182.48,184.95,190.71,194.19,196.8,197.89,205.61,213.2,219.53,230.12,241.05,250.9,261.01
322,Q,TOTAL,I10_Q,RO,,,,,,,,,,,,,,,,,111.01,106.21,105.83,109.53,103.67,102.05,98.28,96.01,92.13,90.43,85.58,82.6,85.11,84.62,81.51,81.74,84.48,84.0,82.01,81.64,82.29,81.04,80.31,81.66,84.5,83.45,82.71,83.95,86.7,89.16,88.55,90.09,91.15,95.59,94.06,95.16,97.12,100.1,99.45,100.24,100.3,101.88,103.37,104.97,108.43,108.55,105.72,107.05,109.96,111.77,111.91,115.03,116.96,121.24,119.79,122.83,122.36,121.42,125.49,127.39,129.05,129.71,130.38,132.47,135.31,135.84,138.98,141.36
323,Q,TOTAL,I10_Q,SE,66.88,69.12,71.78,73.66,76.24,78.41,80.5,80.98,84.08,89.21,92.43,89.79,90.05,91.79,91.15,86.48,88.85,91.47,93.97,96.51,97.94,99.14,100.65,102.28,103.19,103.21,102.97,100.95,102.14,103.64,104.86,104.82,106.39,108.34,110.24,111.92,115.16,117.72,121.64,123.56,128.73,133.0,138.06,141.01,142.86,144.52,147.84,150.15,154.16,156.8,158.98,154.31,153.1,154.18,155.69,155.42,155.43,157.53,160.26,160.52,162.51,162.65,166.22,168.99,174.27,180.42,185.07,187.41,192.25,193.14,187.2,180.48,179.33,180.1,179.39,175.33,176.48,178.73,179.78,179.04,180.2,179.77,180.35,181.17
324,Q,TOTAL,I10_Q,SI,,,,,,,,,98.68,100.78,104.16,108.8,110.33,110.13,112.21,108.62,101.85,99.77,98.07,99.8,100.18,100.74,99.43,99.65,104.29,103.99,101.54,101.02,96.93,98.04,95.48,92.1,92.76,93.51,88.14,88.07,86.61,84.33,83.42,84.2,85.41,87.35,84.27,84.25,86.12,87.74,88.47,90.05,91.87,94.99,95.71,98.94,100.71,102.32,104.67,107.12,108.34,109.92,112.05,112.3,113.47,115.66,115.74,118.11,121.71,127.31,130.67,136.74,142.43,147.12,150.51,152.58,155.25,158.17,158.97,163.13,166.75,169.22,171.95,175.51,172.06,178.58,176.64,185.64
325,Q,TOTAL,I10_Q,SK,,,,,73.94,76.9,78.91,83.42,90.11,96.46,104.65,112.7,120.14,124.04,118.26,113.79,106.53,101.59,106.32,101.07,100.8,100.19,99.46,99.56,99.72,98.24,98.75,97.28,96.59,95.71,96.35,94.41,96.57,96.78,96.42,96.36,96.23,97.79,97.68,99.63,101.25,103.21,103.27,104.42,106.28,109.28,111.01,113.05,110.13,116.44,119.11,119.69,123.2,124.65,124.34,127.82,130.22,135.0,138.68,141.75,147.32,148.11,150.32,151.95,150.17,155.1,162.37,168.16,171.47,180.9,186.05,184.51,184.25,176.97,178.46,181.92,178.78,184.13,189.46,196.37,200.51,204.89,214.85,221.45
326,Q,TOTAL,I10_Q,TR,,,,,,,,,,,,,,,,,,,,,97.4,99.3,100.72,102.58,105.41,108.39,109.46,111.94,115.92,119.61,122.8,124.36,128.47,132.88,136.72,139.76,143.67,148.57,154.17,158.57,165.68,173.2,178.02,183.41,189.38,195.35,200.31,204.79,211.95,218.27,220.41,224.59,229.19,236.58,238.0,240.0,238.58,242.55,249.36,258.66,274.21,290.1,320.41,339.72,360.52,389.62,427.1,506.88,693.06,1019.65,1198.04,1370.95,1681.99,1947.25,2321.27,2567.29,2747.51,2914.75,3093.69,3300.11,,,,
327,Q,TOTAL,I10_Q,UK,88.54,91.15,93.34,93.54,94.13,97.67,100.71,102.63,104.09,108.05,111.1,111.06,108.14,107.44,103.21,96.36,91.34,92.57,96.16,98.06,98.46,100.29,101.71,99.54,97.69,98.49,99.64,98.3,97.26,99.02,100.11,99.19,98.58,100.57,103.0,103.59,104.95,108.75,112.22,112.4,112.04,114.45,118.2,119.62,120.96,123.6,126.13,126.05,126.31,129.11,132.03,131.93,131.83,133.32,135.95,135.3,133.72,134.64,136.92,136.41,136.41,136.49,140.62,,,,,,,,,,,,,,,,,,,,,
328,Q,TOTAL,I15_Q,AT,,,,,,,,,,,,,,,,,,,,,75.05,77.21,78.19,78.84,78.96,81.28,82.59,83.06,85.3,85.44,88.71,88.0,89.06,92.25,91.79,91.68,92.89,94.35,95.32,96.14,98.19,99.97,101.23,100.61,104.04,106.7,108.08,108.0,109.76,112.46,113.67,112.65,115.13,118.94,120.1,121.15,121.53,125.79,127.81,128.74,131.26,134.09,138.0,138.71,144.08,149.12,153.52,157.34,164.63,169.43,173.59,166.32,164.35,164.68,164.29,161.4,159.54,164.34,165.13,163.23,165.17,166.95,167.87,169.34
329,Q,TOTAL,I15_Q,BE,70.03,71.59,74.12,75.65,77.1,79.18,81.54,82.16,84.05,85.75,87.3,87.7,88.51,89.69,91.07,90.52,89.37,88.56,90.61,89.77,90.11,90.83,92.8,92.65,93.51,94.16,96.05,95.79,96.51,96.72,97.77,97.43,97.87,98.34,99.46,98.53,97.43,97.42,98.81,99.2,97.94,99.13,101.49,101.43,100.37,101.42,103.63,103.9,104.36,104.48,107.81,107.14,107.37,108.51,110.64,110.06,111.0,111.84,115.37,114.72,115.24,116.61,119.05,121.45,122.41,124.78,128.04,128.62,130.02,132.18,134.96,134.55,135.04,134.55,136.31,138.28,139.36,138.96,141.16,142.18,143.08,142.94,146.32,147.1
330,Q,TOTAL,I15_Q,BG,76.01,79.26,81.55,83.52,87.47,88.91,92.96,98.09,107.23,112.97,121.42,132.06,141.08,149.36,153.92,147.53,130.77,118.17,112.62,109.58,107.18,106.52,105.38,104.15,102.03,100.23,99.54,98.1,98.23,98.67,98.57,96.82,96.0,96.48,95.52,95.66,96.66,96.97,97.21,98.32,98.85,99.71,99.21,102.23,103.38,106.24,107.94,110.52,112.66,115.37,117.62,119.53,120.65,124.03,124.99,126.15,129.45,130.26,131.97,133.99,135.54,134.07,138.81,141.23,145.72,146.23,150.9,154.48,162.52,167.58,174.43,175.14,177.93,185.5,190.48,192.78,206.42,213.53,221.91,228.0,237.55,246.65,256.01,256.71
331,Q,TOTAL,I15_Q,CY,93.41,95.38,98.79,100.64,103.04,106.44,110.64,114.16,116.41,119.71,124.05,125.11,129.59,130.42,128.69,123.96,122.4,121.17,119.19,116.27,114.37,112.79,112.39,112.05,111.56,113.99,111.22,107.6,106.4,106.02,110.14,108.22,104.54,104.77,103.05,100.78,98.08,103.55,102.7,101.56,97.52,100.59,102.49,99.4,96.27,96.59,101.84,104.59,100.02,106.32,106.5,105.08,102.43,100.34,105.05,104.51,110.15,115.86,110.85,109.95,115.55,118.83,115.51,120.06,110.02,116.01,120.59,116.19,117.59,120.21,130.94,124.14,131.69,132.2,136.52,137.98,143.52,143.34,146.76,144.2,150.25,147.48,152.93,152.91
332,Q,TOTAL,I15_Q,CZ,,,,,,,,,,,,,97.2,101.2,102.7,102.1,99.9,96.7,95.9,95.2,95.2,95.4,95.1,95.2,95.4,95.9,95.3,94.4,93.9,94.0,93.8,93.7,93.6,94.1,94.0,93.8,95.0,95.8,96.6,97.3,98.3,99.4,100.6,101.7,103.0,105.1,107.7,112.8,116.2,119.1,121.2,122.3,125.0,128.7,131.9,134.4,137.2,140.6,143.4,146.4,149.0,151.5,155.4,159.5,168.9,177.6,189.8,200.6,210.0,217.2,219.4,214.5,211.8,211.0,211.7,212.3,214.3,219.9,224.7,230.2,235.6,243.0,249.0,254.1
333,Q,TOTAL,I15_Q,DE,84.2,82.7,84.4,82.0,83.2,83.5,82.3,83.0,80.0,81.7,81.6,81.6,82.8,83.1,81.6,81.8,81.8,83.1,82.9,84.2,83.0,84.3,84.3,83.8,86.1,87.1,86.7,87.3,88.0,89.1,90.4,91.6,91.3,93.1,92.9,93.0,93.8,95.7,96.2,96.2,97.8,99.9,100.4,101.8,103.9,106.9,108.8,110.4,110.9,113.1,115.0,117.3,118.3,120.6,123.1,124.6,124.6,127.8,129.6,132.7,133.8,136.2,140.3,144.3,146.3,151.8,158.2,162.5,164.1,167.4,166.3,158.5,153.7,151.6,149.3,146.4,145.8,147.8,149.0,149.2,150.9,152.4,153.6,153.7
334,Q,TOTAL,I15_Q,DK,75.49,79.45,85.55,91.18,97.67,103.63,105.66,104.58,105.01,106.4,106.57,104.57,103.24,103.55,100.9,93.04,87.14,88.18,88.88,88.54,89.11,90.99,91.73,90.78,89.9,91.94,88.9,85.73,85.74,86.99,87.26,86.85,88.02,91.16,91.21,89.94,91.22,94.68,94.2,93.82,94.51,100.15,102.58,102.75,99.31,104.23,107.66,107.07,105.3,109.77,112.32,111.61,111.6,115.88,116.13,114.74,114.86,117.45,118.72,117.5,118.28,120.79,123.65,125.98,129.02,136.23,139.81,140.05,141.45,143.96,144.39,140.99,135.13,135.67,138.07,140.26,136.66,140.94,145.27,145.57,148.72,151.26,154.48,156.61
335,Q,TOTAL,I15_Q,EA,89.18,90.56,92.84,93.51,95.24,97.22,98.59,99.75,99.83,101.6,102.65,102.86,103.36,103.7,103.19,101.55,100.23,99.98,99.92,100.36,99.96,101.14,101.65,101.57,101.96,102.81,102.53,101.46,100.57,100.27,99.96,99.51,97.92,98.28,98.37,97.83,97.65,98.5,98.93,98.4,98.39,99.88,100.78,100.95,101.85,103.55,105.1,105.63,106.32,107.95,109.67,110.5,111.45,113.23,114.98,115.71,116.16,118.26,119.94,120.94,122.3,124.28,125.98,127.73,129.49,133.06,137.34,139.91,142.39,145.57,146.84,144.25,142.97,143.22,143.52,142.44,142.6,145.23,147.52,148.36,150.19,152.71,154.97,155.97
336,Q,TOTAL,I15_Q,EA19,88.31,89.66,91.96,92.8,94.64,96.69,98.17,99.5,99.75,101.61,102.79,103.09,103.69,104.07,103.48,101.69,100.18,99.87,99.77,100.18,99.79,100.96,101.48,101.4,101.83,102.68,102.41,101.34,100.46,100.16,99.87,99.42,97.85,98.23,98.31,97.8,97.63,98.5,98.94,98.4,98.39,99.88,100.78,100.95,101.85,103.55,105.1,105.63,106.32,107.95,109.67,110.5,111.45,113.23,114.98,115.71,116.16,118.26,119.94,120.94,122.3,124.28,125.98,127.73,129.49,133.06,137.34,139.91,142.39,145.57,146.84,144.25,142.93,143.15,143.45,142.31,142.45,145.05,147.32,148.15,149.93,152.41,154.65,155.61
337,Q,TOTAL,I15_Q,EA20,88.3,89.65,91.95,92.8,94.7,96.71,98.24,99.57,99.86,101.71,102.89,103.22,103.8,104.19,103.61,101.82,100.31,99.98,99.87,100.26,99.86,101.01,101.52,101.45,101.87,102.73,102.46,101.41,100.53,100.22,99.93,99.46,97.9,98.27,98.35,97.84,97.66,98.53,98.97,98.42,98.41,99.87,100.77,100.94,101.84,103.53,105.07,105.6,106.28,107.93,109.64,110.49,111.44,113.21,114.97,115.7,116.17,118.28,119.95,120.97,122.35,124.33,126.0,127.77,129.53,133.11,137.37,139.95,142.47,145.66,146.96,144.44,143.15,143.41,143.71,142.63,142.79,145.42,147.72,148.55,150.39,152.91,155.18,156.18
338,Q,TOTAL,I15_Q,EA21,88.14,89.51,91.8,92.66,94.58,96.58,98.13,99.5,99.86,101.75,102.98,103.4,104.05,104.48,103.94,102.12,100.52,100.11,99.97,100.34,99.92,101.06,101.56,101.47,101.87,102.71,102.44,101.38,100.51,100.21,99.92,99.44,97.88,98.26,98.32,97.82,97.65,98.52,98.95,98.42,98.41,99.87,100.76,100.96,101.86,103.55,105.1,105.64,106.34,108.0,109.71,110.57,111.52,113.3,115.05,115.79,116.29,118.39,120.06,121.09,122.47,124.42,126.12,127.89,129.68,133.23,137.5,140.08,142.65,145.86,147.21,144.73,143.48,143.8,144.15,143.1,143.37,146.04,148.38,149.27,151.16,153.74,156.06,157.06
339,Q,TOTAL,I15_Q,EE,50.59,57.07,60.25,68.14,77.03,84.82,90.76,100.27,103.53,110.16,107.0,105.46,102.22,99.17,99.04,84.74,66.51,61.83,57.25,56.27,62.84,63.42,65.82,63.51,67.03,68.98,70.29,70.98,71.91,74.27,76.17,75.13,77.45,80.3,84.6,86.82,91.01,91.98,95.77,95.57,98.31,101.6,99.63,100.46,100.32,103.47,106.98,108.21,108.08,108.42,112.06,113.49,115.17,116.43,116.71,119.96,121.99,123.14,126.16,129.79,135.98,128.1,131.08,136.01,144.93,148.69,153.71,163.78,175.37,189.36,190.94,191.38,191.43,198.79,198.26,202.4,206.38,212.1,211.03,209.64,215.9,223.74,221.98,221.27
340,Q,TOTAL,I15_Q,ES,,,,123.7,128.3,133.79,138.16,141.74,145.14,149.29,150.9,149.82,149.27,148.88,146.51,141.99,138.2,137.58,136.33,135.78,134.08,136.26,134.01,133.86,129.31,127.76,123.2,116.8,110.97,107.37,103.36,101.91,96.75,95.98,96.72,95.5,95.2,96.78,96.99,97.18,96.67,100.67,101.34,101.31,102.74,104.55,105.41,105.78,108.2,110.39,112.43,113.39,114.96,117.9,120.48,120.97,122.88,124.27,126.26,125.44,126.92,126.98,128.56,127.55,128.12,131.15,133.92,135.58,139.05,141.71,144.15,142.99,143.98,146.97,150.68,149.13,153.18,158.63,163.12,166.07,172.0,178.89,184.06,187.45
341,Q,TOTAL,I15_Q,EU,82.99,84.4,86.49,87.46,89.21,91.63,94.18,96.42,98.16,100.68,102.35,102.35,102.34,102.72,101.58,99.06,96.78,96.56,97.0,97.42,97.08,98.23,98.75,98.35,98.32,99.04,98.77,97.63,96.91,96.91,96.73,96.2,95.04,95.65,96.01,95.72,95.91,97.24,98.05,97.83,98.02,99.65,100.96,101.37,102.33,104.14,105.83,106.46,107.16,109.11,110.86,111.54,112.46,114.33,116.12,116.8,117.29,119.3,121.09,122.03,123.76,125.6,127.35,129.1,131.39,135.18,139.42,142.38,145.42,148.77,150.08,147.94,146.79,147.39,148.35,148.06,149.0,151.86,154.24,155.38,157.58,160.04,162.6,163.96
342,Q,TOTAL,I15_Q,EU27_2020,83.53,84.81,86.95,88.1,90.72,92.98,95.58,97.94,99.8,102.15,103.64,103.67,104.08,104.63,103.96,102.02,100.12,99.65,99.59,99.77,99.3,100.35,100.74,100.62,100.86,101.59,101.1,99.97,99.29,99.0,98.61,98.12,96.84,97.25,97.29,96.86,96.88,97.85,98.29,97.99,98.27,99.83,100.81,101.09,102.01,103.75,105.36,106.11,106.88,108.76,110.39,111.19,112.26,114.22,115.93,116.81,117.58,119.78,121.54,122.69,124.43,126.28,128.05,129.8,132.1,135.91,140.18,143.16,146.21,149.58,150.9,148.74,147.59,148.19,149.15,148.87,149.81,152.68,155.08,156.23,158.44,160.91,163.48,164.85
343,Q,TOTAL,I15_Q,EU28,82.4,83.82,85.93,86.92,89.21,91.59,94.2,96.45,98.22,100.73,102.39,102.41,102.39,102.77,101.66,99.13,96.85,96.62,97.05,97.45,97.11,98.25,98.76,98.37,98.33,99.05,98.79,97.66,96.94,96.93,96.74,96.2,95.04,95.65,96.01,95.72,95.91,97.24,98.05,97.83,98.02,99.65,100.96,101.37,102.33,104.14,105.83,106.46,107.16,109.11,110.86,111.54,112.46,114.33,116.12,116.8,117.29,119.3,121.09,122.03,,,,,,,,,,,,,,,,,,,,,,,,
344,Q,TOTAL,I15_Q,FI,73.62,75.74,76.97,78.67,79.6,81.41,81.98,83.23,85.08,86.56,86.82,87.0,87.88,88.65,87.52,84.19,86.17,87.53,88.85,90.7,92.75,93.56,94.62,94.6,95.84,97.55,97.31,96.76,98.39,99.44,99.36,99.63,100.26,100.68,100.54,99.93,100.06,100.47,100.03,99.42,99.49,100.43,100.28,99.8,100.52,101.61,101.93,101.08,101.7,103.22,102.51,102.12,102.74,103.96,103.49,103.15,103.09,104.68,104.02,103.29,104.28,105.36,105.79,106.95,108.58,111.19,110.93,111.12,111.85,113.46,112.24,108.51,105.75,106.58,103.51,102.48,101.5,101.85,101.45,100.59,99.56,100.5,97.95,97.43
345,Q,TOTAL,I15_Q,FR,79.81,83.19,87.1,88.77,90.75,93.57,96.46,97.26,98.02,99.74,101.95,102.57,101.95,102.35,102.57,99.19,95.5,94.16,95.68,95.95,96.66,98.6,101.26,102.45,103.13,105.14,107.28,106.28,104.87,104.94,105.61,104.1,102.83,102.73,103.64,102.52,101.33,101.53,102.29,100.28,99.38,99.55,100.92,100.15,99.73,100.24,102.36,101.84,102.53,103.53,105.65,105.24,105.51,106.42,108.65,108.58,108.55,109.85,112.33,112.69,113.87,115.52,117.8,119.27,120.15,122.12,126.11,127.52,128.6,130.83,134.34,133.5,132.32,131.72,132.25,128.73,125.96,125.68,127.64,126.28,126.54,126.54,128.48,127.56
346,Q,TOTAL,I15_Q,HR,,,,,,,,,,,,,123.19,124.01,126.34,123.02,122.58,118.48,116.37,114.28,112.07,110.49,109.52,109.8,108.81,110.53,111.31,111.99,111.36,109.86,109.09,105.4,105.28,104.63,104.97,103.63,102.94,103.82,103.0,102.14,101.05,99.13,99.86,99.96,101.21,100.28,101.31,100.75,100.85,104.55,105.13,108.45,109.44,109.26,112.32,113.54,117.55,120.6,121.36,124.9,128.25,130.57,129.75,132.95,134.19,139.03,141.44,144.99,152.25,157.94,162.44,170.11,173.56,179.63,180.09,186.24,189.41,197.53,202.19,205.01,214.18,223.65,230.07,237.93
347,Q,TOTAL,I15_Q,HU,,,,,,,,,95.04,97.35,101.2,102.05,100.55,101.9,102.29,100.29,99.69,96.65,95.05,92.42,94.69,94.21,93.75,91.99,91.73,90.97,89.75,89.34,90.21,87.12,86.39,84.67,84.95,85.14,85.26,84.13,85.75,87.55,89.19,91.22,93.6,98.69,103.06,104.65,109.39,111.97,115.2,116.95,122.24,125.48,129.28,131.96,138.65,142.52,148.49,152.32,165.03,170.54,173.22,171.88,178.74,174.9,181.59,179.08,195.95,204.4,211.94,219.86,241.42,255.23,262.98,258.43,268.81,271.54,272.63,277.19,300.99,306.51,309.83,322.11,352.26,349.03,374.69,390.47
348,Q,TOTAL,I15_Q,IE,125.92,128.58,133.58,139.46,141.99,147.62,156.49,159.91,162.7,163.29,163.07,162.16,158.74,154.41,150.29,142.58,132.58,123.46,118.33,115.58,111.53,107.73,104.59,99.98,95.45,90.5,85.12,80.38,76.76,75.0,75.89,76.5,74.32,74.33,78.52,80.77,82.04,86.62,93.63,96.59,96.43,98.6,101.73,103.25,103.67,104.79,109.33,112.06,113.36,115.86,122.18,125.15,127.34,130.44,133.31,134.23,132.98,133.7,135.63,135.32,134.3,134.15,134.55,136.28,138.34,141.65,148.81,155.1,159.07,161.89,166.47,168.41,167.16,166.3,168.79,173.69,177.7,180.34,185.5,189.97,191.83,194.34,199.36,203.3
349,Q,TOTAL,I15_Q,IS,53.61,59.31,63.41,66.07,68.39,70.83,71.99,71.96,72.34,75.82,79.41,82.2,83.15,82.83,82.45,80.6,77.49,73.72,72.11,73.79,71.56,71.83,72.0,72.7,72.41,74.76,76.35,77.91,78.78,80.45,81.46,81.57,82.12,84.35,86.43,87.93,89.94,92.06,92.98,94.56,97.26,99.42,100.54,102.78,104.94,106.65,110.76,116.72,122.09,130.11,135.64,136.94,138.82,140.51,143.46,145.24,146.18,147.15,148.17,151.66,153.05,156.3,159.19,162.62,166.26,174.99,180.92,188.09,196.06,211.23,224.47,227.61,226.99,232.6,230.49,236.19,239.87,246.9,256.22,257.89,258.38,262.48,265.13,266.4
350,Q,TOTAL,I15_Q,IT,,,,,,,,,,,,,,,,,,,,,116.8,117.9,118.8,118.9,118.3,120.7,120.3,119.5,119.0,118.1,115.9,113.6,110.5,110.2,108.6,107.1,105.7,104.7,103.5,101.9,99.7,99.8,100.7,99.8,99.8,100.5,100.7,100.0,99.1,99.6,99.2,98.8,98.6,99.2,98.4,98.3,97.7,99.1,98.8,98.5,99.4,102.4,99.8,100.0,101.1,102.8,103.9,104.0,105.7,108.1,106.9,106.8,106.8,108.8,108.7,108.7,108.5,112.0,112.8,113.5,113.3,116.4,117.0,118.1
351,Q,TOTAL,I15_Q,LT,,,,,86.6,87.4,96.21,106.78,111.26,115.87,123.42,125.67,129.9,134.49,132.09,122.54,97.97,92.79,88.52,84.41,82.75,84.57,83.94,85.55,89.2,89.88,89.67,90.31,89.99,89.05,89.94,89.25,89.86,91.2,89.6,91.92,93.33,97.11,98.68,96.76,97.49,100.49,102.07,99.95,100.78,103.91,107.48,109.43,111.07,114.52,116.66,116.94,119.78,123.0,124.35,125.59,129.2,131.11,132.36,133.77,137.26,140.25,140.85,146.35,153.69,158.87,167.44,175.36,183.12,193.91,199.7,203.46,207.18,212.05,217.15,220.4,227.7,234.01,236.4,241.98,247.69,254.53,262.01,268.22
352,Q,TOTAL,I15_Q,LU,,,,,,,,,72.67,73.16,76.13,75.72,75.38,77.55,77.27,77.43,75.58,76.05,75.36,77.09,80.09,78.99,80.2,81.28,80.93,82.88,82.87,85.67,84.6,86.26,86.49,88.96,89.16,90.27,91.4,92.74,91.36,94.72,95.98,97.45,97.8,99.87,101.27,101.06,102.64,105.44,107.02,108.92,109.84,112.21,112.28,113.5,116.84,117.9,120.78,123.92,125.0,131.35,134.41,137.19,142.67,148.74,152.97,160.08,167.17,168.74,173.22,179.48,184.34,188.4,192.3,189.35,181.2,177.25,165.52,161.96,160.9,162.41,162.44,164.25,162.54,169.75,163.78,164.37
353,Q,TOTAL,I15_Q,LV,,,,,89.95,99.22,109.54,119.19,134.59,138.58,149.52,146.78,157.05,154.19,143.82,120.71,98.98,89.04,87.6,85.34,78.52,78.8,80.83,83.25,86.98,88.51,91.36,88.05,89.22,90.28,92.54,93.41,93.52,97.37,98.52,101.08,103.39,104.9,109.04,96.57,96.63,100.06,100.4,102.91,103.49,109.52,110.04,110.9,113.11,119.53,119.72,119.69,126.02,129.91,128.34,132.93,134.04,140.19,144.58,144.69,145.77,142.3,147.08,147.92,149.97,159.51,165.31,171.79,176.06,185.56,187.79,186.61,186.4,195.54,193.46,188.14,193.14,196.94,203.62,201.9,203.64,209.67,219.79,224.02
354,Q,TOTAL,I15_Q,MT,56.65,56.48,61.17,59.43,62.34,69.34,71.59,76.88,80.89,84.76,86.24,87.1,94.4,90.54,96.44,95.19,91.74,89.78,90.87,87.9,91.5,91.16,94.04,87.45,88.65,90.79,91.03,88.73,90.5,89.49,96.03,94.13,91.37,90.1,94.33,92.83,92.82,92.73,94.58,97.92,95.3,96.07,102.72,105.92,100.29,102.78,107.62,111.12,105.61,108.88,113.02,116.59,111.25,115.49,119.27,123.77,118.53,122.76,126.44,130.86,125.06,127.57,129.81,133.01,130.82,134.42,137.52,138.99,139.69,144.63,146.23,147.24,149.89,152.24,154.51,157.05,159.98,162.74,165.26,167.1,169.46,171.92,175.11,177.36
355,Q,TOTAL,I15_Q,NL,104.59,105.68,107.22,107.7,108.87,110.28,111.55,112.56,114.01,115.06,117.26,118.4,118.46,118.67,120.17,117.64,116.48,113.12,112.14,112.1,111.67,111.54,111.68,111.02,111.18,109.59,109.17,107.15,105.19,103.45,99.39,99.79,97.07,95.04,95.69,95.42,95.82,96.37,96.94,97.31,98.29,99.2,101.02,101.5,102.52,104.03,106.58,108.03,110.2,112.06,115.22,117.74,120.32,122.64,126.45,128.2,130.34,132.15,134.49,136.54,139.3,142.6,146.0,148.37,153.72,160.55,169.59,175.9,182.94,188.58,189.95,185.89,183.14,180.92,182.91,186.07,189.87,194.81,201.98,206.31,210.27,213.35,217.61,219.01
356,Q,TOTAL,I15_Q,NO,52.88,54.35,54.84,54.89,58.31,61.19,63.2,63.95,67.97,70.51,70.41,68.83,70.46,71.33,68.89,64.06,66.72,70.25,71.49,71.49,73.93,76.65,76.27,76.21,80.12,82.16,82.48,83.05,85.07,87.82,88.28,88.73,91.21,92.25,91.75,89.76,90.92,94.26,94.89,94.88,98.29,100.66,100.93,100.12,102.86,107.18,109.87,111.61,114.86,115.54,112.35,112.23,113.57,116.08,116.29,116.16,118.54,121.68,120.52,119.97,122.18,125.53,128.18,128.54,134.2,138.47,139.48,138.48,144.62,147.68,147.93,142.62,147.07,150.5,147.25,145.68,149.75,154.96,154.35,152.59,159.86,163.15,162.28,161.36
357,Q,TOTAL,I15_Q,PL,,,,,,,,,,,,,,,,,,,,,104.6,105.87,106.02,105.95,105.88,106.57,105.41,104.92,103.5,102.82,101.41,100.29,97.7,97.52,97.43,97.49,97.15,99.3,98.66,98.89,99.06,100.43,100.63,99.88,100.0,100.84,102.73,103.86,103.33,105.44,106.5,107.86,109.48,111.95,113.43,116.11,118.34,121.1,123.59,127.06,131.66,134.31,137.06,138.42,141.16,145.5,149.28,155.15,160.3,163.5,167.38,169.64,169.52,175.0,182.88,191.72,200.04,205.92,209.2,211.65,213.2,215.66,217.54,220.82
358,Q,TOTAL,I15_Q,PT,,,,,,,,,,,,,109.23,109.59,106.56,104.74,105.67,106.65,106.7,107.13,107.74,108.16,107.32,106.21,105.45,103.18,101.49,98.25,96.84,94.64,93.7,94.31,92.45,92.25,92.75,94.89,96.16,97.7,97.31,96.98,96.94,100.57,100.65,101.84,103.67,106.91,108.31,109.57,111.89,115.51,119.6,121.06,125.58,128.49,129.72,132.34,137.14,140.65,143.67,146.07,151.67,154.34,153.61,157.69,161.7,166.4,171.3,175.96,182.64,188.31,193.82,195.91,198.55,204.74,208.48,211.27,212.45,220.74,228.89,235.68,247.05,258.78,269.35,280.21
359,Q,TOTAL,I15_Q,RO,,,,,,,,,,,,,,,,,132.7,126.97,126.51,130.93,123.93,121.99,117.48,114.77,110.14,108.11,102.31,98.75,101.74,101.15,97.44,97.71,100.99,100.42,98.04,97.59,98.37,96.88,96.01,97.62,101.01,99.76,98.87,100.36,103.65,106.59,105.86,107.7,108.96,114.27,112.44,113.75,116.1,119.66,118.88,119.83,119.91,121.79,123.57,125.49,129.62,129.77,126.38,127.97,131.45,133.61,133.78,137.51,139.82,144.94,143.2,146.83,146.28,145.14,150.02,152.28,154.26,155.06,155.86,158.36,161.75,162.38,166.14,168.99
360,Q,TOTAL,I15_Q,SE,49.47,51.12,53.09,54.48,56.39,58.0,59.54,59.9,62.19,65.98,68.36,66.41,66.61,67.9,67.42,63.96,65.72,67.65,69.51,71.38,72.44,73.33,74.44,75.65,76.32,76.34,76.16,74.67,75.55,76.66,77.56,77.53,78.69,80.13,81.54,82.78,85.18,87.07,89.97,91.39,95.21,98.37,102.12,104.3,105.66,106.9,109.35,111.06,114.02,115.97,117.59,114.13,113.24,114.04,115.16,114.96,114.97,116.51,118.54,118.73,120.2,120.3,122.95,124.99,128.9,133.44,136.89,138.62,142.19,142.86,138.46,133.49,132.64,133.21,132.68,129.68,130.53,132.19,132.98,132.43,133.28,132.96,133.4,134.0
361,Q,TOTAL,I15_Q,SI,,,,,,,,,115.66,118.12,122.08,127.52,129.32,129.08,131.52,127.31,119.37,116.93,114.95,116.97,117.41,118.08,116.53,116.8,122.24,121.89,119.01,118.4,113.6,114.91,111.9,107.95,108.72,109.6,103.3,103.22,101.51,98.84,97.77,98.69,100.11,102.38,98.77,98.74,100.94,102.84,103.69,105.54,107.68,111.33,112.17,115.96,118.04,119.93,122.67,125.55,126.98,128.83,131.33,131.62,132.99,135.56,135.65,138.43,142.65,149.21,153.15,160.26,166.93,172.43,176.4,178.83,181.96,185.39,186.33,191.19,195.44,198.33,201.54,205.71,201.66,209.31,207.03,217.57
362,Q,TOTAL,I15_Q,SK,,,,,71.76,74.64,76.58,80.96,87.45,93.62,101.56,109.38,116.6,120.39,114.77,110.44,103.39,98.59,103.19,98.09,97.83,97.23,96.53,96.63,96.78,95.35,95.84,94.42,93.74,92.89,93.51,91.63,93.72,93.93,93.58,93.52,93.4,94.91,94.81,96.7,98.26,100.16,100.23,101.34,103.15,106.06,107.73,109.72,106.88,113.01,115.6,116.16,119.56,120.98,120.68,124.06,126.39,131.03,134.6,137.58,142.98,143.75,145.89,147.47,145.74,150.53,157.59,163.21,166.42,175.57,180.57,179.07,178.82,171.75,173.2,176.56,173.51,178.7,183.88,190.58,194.6,198.85,208.52,214.92
363,Q,TOTAL,I15_Q,TR,,,,,,,,,,,,,,,,,,,,,55.63,56.72,57.53,58.59,60.21,61.91,62.52,63.94,66.21,68.32,70.14,71.03,73.38,75.9,78.09,79.83,82.06,84.86,88.06,90.57,94.63,98.93,101.68,104.76,108.17,111.58,114.41,116.97,121.06,124.67,125.89,128.28,130.91,135.13,135.94,137.08,136.27,138.54,142.43,147.74,156.62,165.7,183.01,194.04,205.92,222.54,243.95,289.52,395.86,582.4,684.29,783.05,960.71,1112.22,1325.85,1466.37,1569.31,1664.83,1767.04,1884.94,,,,
364,Q,TOTAL,I15_Q,UK,76.28,78.53,80.42,80.59,81.09,84.14,86.76,88.42,89.68,93.09,95.71,95.67,93.16,92.56,88.91,83.01,78.69,79.75,82.84,84.48,84.82,86.4,87.62,85.76,84.16,84.84,85.84,84.68,83.79,85.3,86.25,85.45,84.93,86.64,88.73,89.24,90.41,93.69,96.67,96.83,96.52,98.6,101.83,103.05,104.21,106.48,108.66,108.59,108.81,111.23,113.75,113.65,113.57,114.86,117.12,116.55,115.2,115.99,117.96,117.51,117.52,117.58,121.15,,,,,,,,,,,,,,,,,,,,,
365,Q,TOTAL,RCH_A,AT,,,,,,,,,,,,,,,,,,,,,,,,,5.2,5.3,5.6,5.4,8.0,5.1,7.4,5.9,4.4,8.0,3.5,4.2,4.3,2.3,3.8,4.9,5.7,6.0,6.2,4.6,6.0,6.7,6.8,7.3,5.5,5.4,5.2,4.3,4.9,5.8,5.7,7.5,5.6,5.8,6.4,6.3,8.0,6.6,8.0,7.7,9.8,11.2,11.2,13.4,14.3,13.6,13.1,5.7,-0.2,-2.8,-5.4,-3.0,-2.9,-0.2,0.5,1.1,3.5,1.6,1.7,3.7
366,Q,TOTAL,RCH_A,BE,,,,,10.1,10.6,10.0,8.6,9.0,8.3,7.1,6.7,5.3,4.6,4.3,3.2,1.0,-1.3,-0.5,-0.8,0.8,2.6,2.4,3.2,3.8,3.7,3.5,3.4,3.2,2.7,1.8,1.7,1.4,1.7,1.7,1.1,-0.4,-0.9,-0.7,0.7,0.5,1.8,2.7,2.2,2.5,2.3,2.1,2.4,4.0,3.0,4.0,3.1,2.9,3.9,2.6,2.7,3.4,3.1,4.3,4.2,3.8,4.3,3.2,5.9,6.2,7.0,7.6,5.9,6.2,5.9,5.4,4.6,3.9,1.8,1.0,2.8,3.2,3.3,3.6,2.8,2.7,2.9,3.7,3.5
367,Q,TOTAL,RCH_A,BG,,,,,15.1,12.2,14.0,17.4,22.6,27.1,30.6,34.6,31.6,32.2,26.8,11.7,-7.3,-20.9,-26.8,-25.7,-18.0,-9.9,-6.4,-5.0,-4.8,-5.9,-5.5,-5.8,-3.7,-1.6,-1.0,-1.3,-2.3,-2.2,-3.1,-1.2,0.7,0.5,1.8,2.8,2.3,2.8,2.1,4.0,4.6,6.5,8.8,8.1,9.0,8.6,9.0,8.2,7.1,7.5,6.3,5.5,7.3,5.0,5.6,6.2,4.7,2.9,5.2,5.4,7.5,9.1,8.7,9.4,11.5,14.6,15.6,13.4,9.5,10.7,9.2,10.1,16.0,15.1,16.5,18.3,15.1,15.5,15.4,12.6
368,Q,TOTAL,RCH_A,CH,,,,,,,,,,,,,,,,,,,,,,,,,,,,,,,,,,,,,,,,,,,,,,,,,,,,,3.0,3.3,1.9,3.7,4.8,3.7,3.1,3.4,1.6,2.5,2.6,3.1,3.9,4.7,6.9,7.3,7.0,7.5,6.3,4.8,3.9,2.4,1.3,1.3,1.5,1.4,1.7,2.4,4.1,5.0,5.2,3.9
369,Q,TOTAL,RCH_A,CY,,,,,10.3,11.6,12.0,13.4,13.0,12.5,12.1,9.6,11.3,8.9,3.7,-0.9,-5.5,-7.1,-7.4,-6.2,-6.6,-6.9,-5.7,-3.6,-2.5,1.1,-1.0,-4.0,-4.6,-7.0,-1.0,0.6,-1.7,-1.2,-6.4,-6.9,-6.2,-1.2,-0.3,0.8,-0.6,-2.9,-0.2,-2.1,-1.3,-4.0,-0.6,5.2,3.9,10.1,4.6,0.5,2.4,-5.6,-1.4,-0.5,7.5,15.5,5.5,5.2,4.9,2.6,4.2,9.2,-4.8,-2.4,4.4,-3.2,6.9,3.6,8.6,6.8,12.0,10.0,4.3,11.1,9.0,8.4,7.5,4.5,4.7,2.9,4.2,6.0
370,Q,TOTAL,RCH_A,CZ,,,,,,,,,,,,,,,,,2.8,-4.4,-6.6,-6.8,-4.7,-1.3,-0.8,0.0,0.2,0.5,0.2,-0.8,-1.6,-2.0,-1.6,-0.7,-0.3,0.1,0.2,0.1,1.5,1.8,2.8,3.7,3.5,3.8,4.1,4.5,4.8,5.7,7.1,10.9,12.8,13.3,12.5,8.4,7.6,8.1,8.8,9.9,9.8,9.2,8.7,8.9,8.6,7.8,8.4,8.9,13.4,17.2,22.1,25.8,24.3,22.3,15.6,6.9,0.9,-2.9,-3.5,-1.0,1.2,4.2,6.1,8.4,9.9,10.5,10.8,10.4
371,Q,TOTAL,RCH_A,DE,,,,,-1.2,1.0,-2.5,1.2,-3.8,-2.2,-0.9,-1.7,3.5,1.7,0.0,0.2,-1.2,0.0,1.6,2.9,1.5,1.4,1.7,-0.5,3.7,3.3,2.8,4.2,2.2,2.3,4.3,4.9,3.8,4.5,2.8,1.5,2.7,2.8,3.6,3.4,4.3,4.4,4.4,5.8,6.2,7.0,8.4,8.4,6.7,5.8,5.7,6.2,6.7,6.6,7.0,6.2,5.3,6.0,5.3,6.5,7.4,6.6,8.3,8.7,9.3,11.5,12.8,12.6,12.2,10.3,5.1,-2.5,-6.3,-9.4,-10.2,-7.6,-5.1,-2.5,-0.2,1.9,3.5,3.1,3.1,3.0
372,Q,TOTAL,RCH_A,DK,,,,,29.4,30.4,23.5,14.7,7.5,2.7,0.9,0.0,-1.7,-2.7,-5.3,-11.0,-15.6,-14.8,-11.9,-4.8,2.3,3.2,3.2,2.5,0.9,1.0,-3.1,-5.6,-4.6,-5.4,-1.8,1.3,2.7,4.8,4.5,3.6,3.6,3.9,3.3,4.3,3.6,5.8,8.9,9.5,5.1,4.1,5.0,4.2,6.0,5.3,4.3,4.2,6.0,5.6,3.4,2.8,2.9,1.4,2.2,2.4,3.0,2.8,4.2,7.2,9.1,12.8,13.1,11.2,9.6,5.7,3.3,0.7,-4.5,-5.8,-4.4,-0.5,1.1,3.9,5.2,3.8,8.8,7.3,6.3,7.6
373,Q,TOTAL,RCH_A,EA,,,,,6.8,7.4,6.2,6.7,4.8,4.5,4.1,3.1,3.5,2.1,0.5,-1.3,-3.0,-3.6,-3.2,-1.2,-0.3,1.2,1.7,1.2,2.0,1.7,0.9,-0.1,-1.4,-2.5,-2.5,-1.9,-2.6,-2.0,-1.6,-1.7,-0.3,0.2,0.6,0.6,0.8,1.4,1.9,2.6,3.5,3.7,4.3,4.6,4.4,4.2,4.3,4.6,4.8,4.9,4.8,4.7,4.2,4.4,4.3,4.5,5.3,5.1,5.0,5.6,5.9,7.1,9.0,9.5,10.0,9.4,6.9,3.1,0.4,-1.6,-2.3,-1.3,-0.3,1.4,2.8,4.2,5.3,5.2,5.1,5.1
374,Q,TOTAL,RCH_A,EA19,,,,,7.2,7.8,6.8,7.2,5.4,5.1,4.7,3.6,3.9,2.4,0.7,-1.4,-3.4,-4.0,-3.6,-1.5,-0.4,1.1,1.7,1.2,2.0,1.7,0.9,-0.1,-1.3,-2.5,-2.5,-1.9,-2.6,-1.9,-1.6,-1.6,-0.2,0.3,0.6,0.6,0.8,1.4,1.9,2.6,3.5,3.7,4.3,4.6,4.4,4.2,4.3,4.6,4.8,4.9,4.8,4.7,4.2,4.4,4.3,4.5,5.3,5.1,5.0,5.6,5.9,7.1,9.0,9.5,10.0,9.4,6.9,3.1,0.4,-1.7,-2.3,-1.3,-0.3,1.3,2.7,4.1,5.3,5.1,5.0,5.0
375,Q,TOTAL,RCH_A,EA20,,,,,7.2,7.9,6.8,7.3,5.4,5.2,4.7,3.7,3.9,2.4,0.7,-1.4,-3.4,-4.0,-3.6,-1.5,-0.4,1.0,1.7,1.2,2.0,1.7,0.9,0.0,-1.3,-2.4,-2.5,-1.9,-2.6,-1.9,-1.6,-1.6,-0.2,0.3,0.6,0.6,0.8,1.4,1.8,2.6,3.5,3.7,4.3,4.6,4.4,4.2,4.3,4.6,4.9,4.9,4.9,4.7,4.2,4.5,4.3,4.6,5.3,5.1,5.0,5.6,5.9,7.1,9.0,9.5,10.0,9.4,7.0,3.2,0.5,-1.5,-2.2,-1.3,-0.3,1.4,2.8,4.2,5.3,5.2,5.1,5.1
376,Q,TOTAL,RCH_A,EA21,,,,,7.3,7.9,6.9,7.4,5.6,5.4,4.9,3.9,4.2,2.7,0.9,-1.2,-3.4,-4.2,-3.8,-1.7,-0.6,0.9,1.6,1.1,2.0,1.6,0.9,-0.1,-1.3,-2.4,-2.5,-1.9,-2.6,-1.9,-1.6,-1.6,-0.2,0.3,0.6,0.6,0.8,1.4,1.8,2.6,3.5,3.7,4.3,4.6,4.4,4.3,4.4,4.7,4.9,4.9,4.9,4.7,4.3,4.5,4.4,4.6,5.3,5.1,5.0,5.6,5.9,7.1,9.0,9.5,10.0,9.5,7.1,3.3,0.6,-1.4,-2.1,-1.1,-0.1,1.6,2.9,4.3,5.4,5.3,5.2,5.2
377,Q,TOTAL,RCH_A,EE,,,,,52.3,48.6,50.6,47.2,34.4,29.9,17.9,5.2,-1.3,-10.0,-7.4,-19.6,-34.9,-37.7,-42.2,-33.6,-5.5,2.6,15.0,12.9,6.7,8.8,6.8,11.8,7.3,7.7,8.4,5.8,7.7,8.1,11.1,15.6,17.5,14.5,13.2,10.1,8.0,10.5,4.0,5.1,2.0,1.8,7.4,7.7,7.7,4.8,4.7,4.9,6.6,7.4,4.1,5.7,5.9,5.8,8.1,8.2,11.5,4.0,3.9,4.8,6.6,16.1,17.3,20.4,21.0,27.4,24.2,16.9,9.2,5.0,3.8,5.8,7.8,6.7,6.4,3.6,4.6,5.5,5.2,5.5
378,Q,TOTAL,RCH_A,ES,,,,,,,,14.6,13.1,11.6,9.2,5.7,2.8,-0.3,-2.9,-5.2,-7.4,-7.6,-6.9,-4.4,-3.0,-1.0,-1.7,-1.4,-3.6,-6.2,-8.1,-12.7,-14.2,-16.0,-16.1,-12.7,-12.8,-10.6,-6.4,-6.3,-1.6,0.8,0.3,1.8,1.5,4.0,4.5,4.2,6.3,3.9,4.0,4.4,5.3,5.6,6.7,7.2,6.2,6.8,7.2,6.7,6.9,5.4,4.8,3.7,3.3,2.2,1.8,1.7,0.9,3.3,4.2,6.3,8.5,8.1,7.6,5.5,3.5,3.7,4.5,4.3,6.4,7.9,8.3,11.4,12.3,12.8,12.8,12.9
379,Q,TOTAL,RCH_A,EU,,,,,7.5,8.6,8.9,10.2,10.0,9.9,8.7,6.2,4.3,2.0,-0.8,-3.2,-5.4,-6.0,-4.5,-1.7,0.3,1.7,1.8,1.0,1.3,0.8,0.0,-0.7,-1.4,-2.2,-2.1,-1.5,-1.9,-1.3,-0.7,-0.5,0.9,1.7,2.1,2.2,2.2,2.5,3.0,3.6,4.4,4.5,4.8,5.0,4.7,4.8,4.8,4.8,4.9,4.8,4.7,4.7,4.3,4.3,4.3,4.5,5.5,5.3,5.2,5.8,6.2,7.6,9.5,10.3,10.7,10.1,7.6,3.9,0.9,-0.9,-1.2,0.1,1.5,3.0,4.0,4.9,5.8,5.4,5.4,5.5
380,Q,TOTAL,RCH_A,EU27_2020,,,,,8.6,9.6,9.9,11.2,10.0,9.9,8.4,5.9,4.3,2.4,0.3,-1.6,-3.8,-4.8,-4.2,-2.2,-0.8,0.7,1.2,0.9,1.6,1.2,0.4,-0.6,-1.6,-2.5,-2.5,-1.9,-2.5,-1.8,-1.3,-1.3,0.0,0.6,1.0,1.2,1.4,2.0,2.6,3.2,3.8,3.9,4.5,5.0,4.8,4.8,4.8,4.8,5.0,5.0,5.0,5.1,4.7,4.9,4.8,5.0,5.8,5.4,5.4,5.8,6.2,7.6,9.5,10.3,10.7,10.1,7.6,3.9,0.9,-0.9,-1.2,0.1,1.5,3.0,4.0,4.9,5.8,5.4,5.4,5.5
381,Q,TOTAL,RCH_A,EU28,,,,,8.3,9.3,9.6,11.0,10.1,10.0,8.7,6.2,4.2,2.0,-0.7,-3.2,-5.4,-6.0,-4.5,-1.7,0.3,1.7,1.8,0.9,1.3,0.8,0.0,-0.7,-1.4,-2.1,-2.1,-1.5,-2.0,-1.3,-0.8,-0.5,0.9,1.7,2.1,2.2,2.2,2.5,3.0,3.6,4.4,4.5,4.8,5.0,4.7,4.8,4.8,4.8,4.9,4.8,4.7,4.7,4.3,4.3,4.3,4.5,,,,,,,,,,,,,,,,,,,,,,,,
382,Q,TOTAL,RCH_A,FI,,,,,8.1,7.5,6.5,5.8,6.9,6.3,5.9,4.5,3.3,2.4,0.8,-3.2,-1.9,-1.3,1.5,7.7,7.6,6.9,6.5,4.3,3.3,4.3,2.8,2.3,2.7,1.9,2.1,3.0,1.9,1.2,1.2,0.3,-0.2,-0.2,-0.5,-0.5,-0.6,0.0,0.2,0.4,1.0,1.2,1.6,1.3,1.2,1.6,0.6,1.0,1.0,0.7,1.0,1.0,0.3,0.7,0.5,0.1,1.2,0.6,1.7,3.5,4.1,5.5,4.9,3.9,3.0,2.0,1.2,-2.3,-5.5,-6.1,-7.8,-5.6,-4.0,-4.4,-2.0,-1.8,-1.9,-1.3,-3.4,-3.1
383,Q,TOTAL,RCH_A,FR,,,,,13.7,12.5,10.7,9.6,8.0,6.6,5.7,5.5,4.0,2.6,0.6,-3.3,-6.3,-8.0,-6.7,-3.3,1.2,4.7,5.8,6.8,6.7,6.6,5.9,3.7,1.7,-0.2,-1.6,-2.1,-1.9,-2.1,-1.9,-1.5,-1.5,-1.2,-1.3,-2.2,-1.9,-2.0,-1.3,-0.1,0.4,0.7,1.4,1.7,2.8,3.3,3.2,3.3,2.9,2.8,2.8,3.2,2.9,3.2,3.4,3.8,4.9,5.2,4.9,5.8,5.5,5.7,7.1,6.9,7.0,7.1,6.5,4.7,2.9,0.7,-1.6,-3.6,-4.8,-4.6,-3.5,-1.9,0.5,0.7,0.7,1.0
384,Q,TOTAL,RCH_A,HR,,,,,,,,,,,,,,,,,-0.5,-4.5,-7.9,-7.1,-8.6,-6.7,-5.9,-3.9,-2.9,0.0,1.6,2.0,2.3,-0.6,-2.0,-5.9,-5.5,-4.8,-3.8,-1.7,-2.2,-0.8,-1.9,-1.4,-1.8,-4.5,-3.0,-2.1,0.2,1.2,1.5,0.8,-0.4,4.3,3.8,7.6,8.5,4.5,6.8,4.7,7.4,10.4,8.0,10.0,9.1,8.3,6.9,6.4,4.6,6.5,9.0,9.1,13.5,13.6,14.8,17.3,14.0,13.7,10.9,9.5,9.1,10.0,12.3,10.1,13.1,13.2,13.8,16.1
385,Q,TOTAL,RCH_A,HU,,,,,,,,,,,,,5.8,4.7,1.1,-1.7,-0.9,-5.2,-7.1,-7.8,-5.0,-2.5,-1.4,-0.5,-3.1,-3.4,-4.3,-2.9,-1.7,-4.2,-3.7,-5.2,-5.8,-2.3,-1.3,-0.6,0.9,2.8,4.6,8.4,9.2,12.7,15.6,14.7,16.9,13.5,11.8,11.8,11.7,12.1,12.2,12.8,13.4,13.6,14.9,15.4,19.0,19.7,16.7,12.8,8.3,2.6,4.8,4.2,9.6,16.9,16.7,22.8,23.2,24.9,24.1,17.5,11.3,6.4,3.7,7.3,12.0,12.9,13.6,16.2,17.0,13.9,20.9,21.2
386,Q,TOTAL,RCH_A,IE,,,,,12.8,14.8,17.2,14.7,14.6,10.6,4.2,1.4,-2.4,-5.4,-7.8,-12.1,-16.5,-20.0,-21.3,-18.9,-15.9,-12.7,-11.6,-13.5,-14.4,-16.0,-18.6,-19.6,-19.6,-17.1,-10.8,-4.8,-3.2,-0.9,3.5,5.6,10.4,16.5,19.2,19.6,17.5,13.8,8.7,6.9,7.5,6.3,7.5,8.5,9.3,10.6,11.8,11.7,12.3,12.6,9.1,7.3,4.4,2.5,1.7,0.8,1.0,0.3,-0.8,0.7,3.0,5.6,10.6,13.8,15.0,14.3,11.9,8.6,5.1,2.7,1.4,3.1,6.3,8.4,9.9,9.4,8.0,7.8,7.5,7.0
387,Q,TOTAL,RCH_A,IS,,,,,27.6,19.4,13.5,8.9,5.8,7.0,10.3,14.2,14.9,9.2,3.8,-1.9,-6.8,-11.0,-12.5,-8.4,-7.7,-2.6,-0.2,-1.5,1.2,4.1,6.0,7.2,8.8,7.6,6.7,4.7,4.2,4.8,6.1,7.8,9.5,9.1,7.6,7.5,8.1,8.0,8.1,8.7,7.9,7.3,10.2,13.6,16.3,22.0,22.5,17.3,13.7,8.0,5.8,6.1,5.3,4.7,3.3,4.4,4.7,6.2,7.4,7.2,8.6,12.0,13.7,15.7,17.9,20.7,24.1,21.0,15.8,10.1,2.7,3.8,5.7,6.1,11.2,9.2,7.7,6.3,3.5,3.3
388,Q,TOTAL,RCH_A,IT,,,,,,,,,,,,,,,,,,,,,,,,,1.3,2.4,1.3,0.5,0.6,-2.2,-3.7,-4.9,-7.1,-6.7,-6.3,-5.7,-4.3,-5.0,-4.7,-4.9,-5.7,-4.7,-2.7,-2.1,0.1,0.7,0.0,0.2,-0.7,-0.9,-1.5,-1.2,-0.5,-0.4,-0.8,-0.5,-0.9,-0.1,0.4,0.2,1.7,3.3,1.0,1.5,1.7,0.4,4.1,4.0,4.5,5.2,2.9,2.7,1.0,0.6,1.7,1.8,1.6,2.9,3.8,4.4,4.4,3.9,3.7,4.1
389,Q,TOTAL,RCH_A,LT,,,,,,,,,28.5,32.6,28.3,17.7,16.8,16.1,7.0,-2.5,-24.6,-31.0,-33.0,-31.1,-15.5,-8.9,-5.2,1.4,7.8,6.3,6.8,5.6,0.9,-0.9,0.3,-1.2,-0.1,2.4,-0.4,3.0,3.9,6.5,10.1,5.3,4.5,3.5,3.4,3.3,3.4,3.4,5.3,9.5,10.2,10.2,8.5,6.9,7.8,7.4,6.6,7.4,7.9,6.6,6.4,6.5,6.2,7.0,6.4,9.4,12.0,13.3,18.9,19.8,19.1,22.1,19.3,16.0,13.1,9.4,8.7,8.3,9.9,10.4,8.9,9.8,8.8,8.8,10.8,10.8
390,Q,TOTAL,RCH_A,LU,,,,,,,,,,,,,3.7,6.0,1.5,2.3,0.3,-1.9,-2.5,-0.4,6.0,3.9,6.4,5.4,1.0,4.9,3.3,5.4,4.5,4.1,4.4,3.8,5.4,4.6,5.7,4.2,2.5,4.9,5.0,5.1,7.0,5.4,5.5,3.7,4.9,5.6,5.7,7.8,7.0,6.4,4.9,4.2,6.4,5.1,7.6,9.2,7.0,11.4,11.3,10.7,14.1,13.2,13.8,16.7,17.2,13.4,13.2,12.1,10.3,11.7,11.0,5.5,-1.7,-5.9,-13.9,-14.5,-11.2,-8.4,-1.9,1.4,1.0,4.5,0.8,0.1
391,Q,TOTAL,RCH_A,LV,,,,,,,,,49.6,39.7,36.5,23.1,16.7,11.3,-3.8,-17.8,-37.0,-42.3,-39.1,-29.3,-20.7,-11.5,-7.7,-2.4,10.8,12.3,13.0,5.8,2.6,2.0,1.3,6.1,4.8,7.9,6.5,8.2,10.6,7.7,10.7,-4.5,-6.5,-4.6,-7.9,6.6,7.1,9.5,9.6,7.8,9.3,9.1,8.8,7.9,11.4,8.7,7.2,11.1,6.4,7.9,12.7,8.8,8.8,1.5,1.7,2.2,2.9,12.1,12.4,16.1,17.4,16.3,13.6,8.6,5.9,5.4,3.0,0.8,3.6,0.7,5.3,7.3,5.4,6.5,7.9,11.0
392,Q,TOTAL,RCH_A,MT,,,,,10.0,22.8,17.0,29.4,29.8,22.2,20.5,13.3,16.7,6.8,11.8,9.3,-2.8,-0.8,-5.8,-7.7,-0.3,1.5,3.5,-0.5,-3.1,-0.4,-3.2,1.5,2.1,-1.4,5.5,6.1,1.0,0.7,-1.8,-1.4,1.6,2.9,0.3,5.5,2.7,3.6,8.6,8.2,5.2,7.0,4.8,4.9,5.3,5.9,5.0,4.9,5.3,6.1,5.5,6.2,6.5,6.3,6.0,5.7,5.5,3.9,2.7,1.6,4.6,5.4,5.9,4.5,6.8,7.6,6.3,5.9,7.3,5.3,5.7,6.7,6.7,6.9,7.0,6.4,5.9,5.6,6.0,6.1
393,Q,TOTAL,RCH_A,NL,,,,,4.1,4.4,4.0,4.5,4.7,4.3,5.1,5.2,3.9,3.1,2.5,-0.6,-1.7,-4.7,-6.7,-4.7,-4.1,-1.4,-0.4,-1.0,-0.4,-1.7,-2.2,-3.5,-5.4,-5.6,-9.0,-6.9,-7.7,-8.1,-3.7,-4.4,-1.3,1.4,1.3,2.0,2.6,2.9,4.2,4.3,4.3,4.9,5.5,6.4,7.5,7.7,8.1,9.0,9.2,9.4,9.7,8.9,8.3,7.8,6.4,6.5,6.9,7.9,8.6,8.7,10.4,12.6,16.2,18.6,19.0,17.5,12.0,5.7,0.1,-4.1,-3.7,0.1,3.7,7.7,10.4,10.9,10.7,9.5,7.7,6.2
394,Q,TOTAL,RCH_A,NO,,,,,10.3,12.6,15.2,16.5,16.6,15.2,11.4,7.6,3.7,1.2,-2.2,-6.9,-5.3,-1.5,3.8,11.6,10.8,9.1,6.7,6.6,8.4,7.2,8.1,9.0,6.2,6.9,7.0,6.8,7.2,5.0,3.9,1.2,-0.3,2.2,3.4,5.7,8.1,6.8,6.4,5.5,4.6,6.5,8.9,11.5,11.7,7.8,2.3,0.6,-1.1,0.5,3.5,3.5,4.4,4.8,3.6,3.3,3.1,3.2,6.4,7.1,9.8,10.3,8.8,7.7,7.8,6.7,6.1,3.0,1.7,1.9,-0.5,2.1,1.8,3.0,4.8,4.7,6.8,5.3,5.1,5.7
395,Q,TOTAL,RCH_A,PL,,,,,,,,,,,,,,,,,,,,,,,,,1.2,0.7,-0.6,-1.0,-2.2,-3.5,-3.8,-4.4,-5.6,-5.2,-3.9,-2.8,-0.6,1.8,1.3,1.4,2.0,1.1,2.0,1.0,0.9,0.4,2.1,4.0,3.3,4.6,3.7,3.9,6.0,6.2,6.5,7.6,8.1,8.2,9.0,9.4,11.3,10.9,10.9,8.9,7.2,8.3,8.9,12.1,13.6,12.4,12.1,9.3,5.8,7.0,9.3,13.0,18.0,17.7,14.4,10.4,6.6,4.7,4.0,4.3
396,Q,TOTAL,RCH_A,PT,,,,,,,,,,,,,,,,,-3.3,-2.7,0.1,2.3,2.0,1.4,0.6,-0.9,-2.1,-4.6,-5.4,-7.5,-8.2,-8.3,-7.7,-4.0,-4.5,-2.5,-1.0,0.6,4.0,5.9,4.9,2.2,0.8,2.9,3.4,5.0,6.9,6.3,7.6,7.6,7.9,8.0,10.4,10.5,12.2,11.2,8.5,9.3,9.2,9.5,10.8,10.4,10.6,9.7,6.9,8.0,6.6,7.8,11.5,11.6,12.9,13.2,13.1,11.3,8.7,8.7,7.6,7.8,7.0,7.8,9.8,11.6,16.3,17.2,17.7,18.9
397,Q,TOTAL,RCH_A,RO,,,,,,,,,,,,,,,,,,,,,-6.6,-3.9,-7.1,-12.3,-11.1,-11.4,-12.9,-14.0,-7.6,-6.4,-4.8,-1.1,-0.7,-0.7,0.6,-0.1,-2.6,-3.5,-2.1,0.0,2.7,3.0,3.0,2.8,2.6,6.8,7.1,7.3,5.1,7.2,6.2,5.6,6.6,4.7,5.7,5.3,3.3,1.8,3.9,4.7,8.1,6.6,2.3,2.0,1.4,3.0,5.9,7.5,6.4,8.5,7.0,6.8,4.6,0.1,4.8,3.7,5.5,6.8,3.9,4.0,4.9,4.7,6.6,6.7
398,Q,TOTAL,RCH_A,SE,,,,,14.0,13.5,12.1,9.9,10.3,13.8,14.8,10.9,7.1,2.9,-1.4,-3.7,-1.3,-0.4,3.1,11.6,10.2,8.4,7.1,6.0,5.4,4.1,2.3,-1.3,-1.0,0.4,1.8,3.8,4.2,4.5,5.1,6.8,8.2,8.7,10.3,10.4,11.8,13.0,13.5,14.1,11.0,8.7,7.1,6.5,7.9,8.5,7.5,2.8,-0.7,-1.7,-2.1,0.7,1.5,2.2,2.9,3.3,4.5,3.3,3.7,5.3,7.2,10.9,11.3,10.9,10.3,7.1,1.1,-3.7,-6.7,-6.8,-4.2,-2.9,-1.6,-0.8,0.2,2.1,2.1,0.6,0.3,1.2
399,Q,TOTAL,RCH_A,SI,,,,,,,,,,,,,11.8,9.3,7.7,-0.2,-7.7,-9.4,-12.6,-8.1,-1.6,1.0,1.4,-0.1,4.1,3.2,2.1,1.4,-7.1,-5.7,-6.0,-8.8,-4.3,-4.6,-7.7,-4.4,-6.6,-9.8,-5.4,-4.4,-1.4,3.6,1.0,0.1,0.8,0.4,5.0,6.9,6.7,8.3,8.2,9.9,9.6,7.7,9.4,8.3,7.6,7.4,7.1,4.8,4.7,5.2,3.3,5.2,7.3,10.1,12.9,15.8,17.0,15.6,15.2,11.6,9.0,7.5,5.6,6.9,7.4,7.0,8.2,7.6,3.2,5.5,2.7,5.8
400,Q,TOTAL,RCH_A,SK,,,,,,,,,21.9,25.4,32.6,35.1,33.3,28.6,13.0,1.0,-11.3,-18.1,-10.1,-11.2,-5.4,-1.4,-6.5,-1.5,-1.1,-1.9,-0.7,-2.3,-3.1,-2.6,-2.4,-3.0,0.0,1.1,0.1,2.1,-0.3,1.0,1.3,3.4,5.2,5.5,5.7,4.8,5.0,5.9,7.5,8.3,3.6,6.6,7.3,5.9,11.9,7.1,4.4,6.8,5.7,8.3,11.5,10.9,13.1,9.7,8.4,7.2,1.9,4.7,8.0,10.7,14.2,16.6,14.6,9.7,7.5,-2.2,-4.1,-1.4,-3.0,4.0,6.2,7.9,12.2,11.3,13.4,12.8
401,Q,TOTAL,RCH_A,TR,,,,,,,,,,,,,,,,,,,,,,,,,8.2,9.2,8.7,9.1,10.0,10.4,12.2,11.1,10.8,11.1,11.3,12.4,11.8,11.8,12.8,13.5,15.3,16.6,15.5,15.7,14.3,12.8,12.5,11.7,11.9,11.7,10.0,9.7,8.1,8.4,8.0,6.9,4.1,2.5,4.8,7.8,14.9,19.6,28.5,31.3,31.5,34.3,33.3,49.2,92.2,161.7,180.5,170.5,142.7,91.0,93.8,87.3,63.3,49.7,33.3,28.5,,,,
402,Q,TOTAL,RCH_A,UK,,,,,6.3,7.1,7.9,9.7,10.6,10.6,10.3,8.2,3.9,-0.6,-7.1,-13.2,-15.5,-13.8,-6.8,1.8,7.8,8.3,5.8,1.5,-0.8,-1.8,-2.0,-1.3,-0.4,0.5,0.5,0.9,1.4,1.6,2.9,4.4,6.5,8.1,8.9,8.5,6.8,5.2,5.3,6.4,8.0,8.0,6.7,5.4,4.4,4.5,4.7,4.7,4.4,3.3,3.0,2.6,1.4,1.0,0.7,0.8,2.0,1.4,2.7,,,,,,,,,,,,,,,,,,,,,
403,Q,TOTAL,RCH_Q,AT,,,,,,,,,,,,,,,,,,,,,,2.9,1.3,0.8,0.2,2.9,1.6,0.6,2.7,0.2,3.8,-0.8,1.2,3.6,-0.5,-0.1,1.3,1.6,1.0,0.9,2.1,1.8,1.3,-0.6,3.4,2.6,1.3,-0.1,1.6,2.5,1.1,-0.9,2.2,3.3,1.0,0.9,0.3,3.5,1.6,0.7,2.0,2.2,2.9,0.5,3.9,3.5,3.0,2.5,4.6,2.9,2.5,-4.2,-1.2,0.2,-0.2,-1.8,-1.2,3.0,0.5,-1.2,1.2,1.1,0.6,0.9
404,Q,TOTAL,RCH_Q,BE,,2.2,3.5,2.1,1.9,2.7,3.0,0.8,2.3,2.0,1.8,0.5,0.9,1.3,1.5,-0.6,-1.3,-0.9,2.3,-0.9,0.4,0.8,2.2,-0.2,0.9,0.7,2.0,-0.3,0.8,0.2,1.1,-0.3,0.5,0.5,1.1,-0.9,-1.1,0.0,1.4,0.4,-1.3,1.2,2.4,-0.1,-1.0,1.0,2.2,0.3,0.4,0.1,3.2,-0.6,0.2,1.1,2.0,-0.5,0.9,0.8,3.2,-0.6,0.5,1.2,2.1,2.0,0.8,1.9,2.6,0.5,1.1,1.7,2.1,-0.3,0.4,-0.4,1.3,1.4,0.8,-0.3,1.6,0.7,0.6,-0.1,2.4,0.5
405,Q,TOTAL,RCH_Q,BG,,4.3,2.9,2.4,4.7,1.6,4.6,5.5,9.3,5.4,7.5,8.8,6.8,5.9,3.1,-4.2,-11.4,-9.6,-4.7,-2.7,-2.2,-0.6,-1.1,-1.2,-2.0,-1.8,-0.7,-1.4,0.1,0.4,-0.1,-1.8,-0.8,0.5,-1.0,0.1,1.0,0.3,0.2,1.1,0.5,0.9,-0.5,3.0,1.1,2.8,1.6,2.4,1.9,2.4,2.0,1.6,0.9,2.8,0.8,0.9,2.6,0.6,1.3,1.5,1.2,-1.1,3.5,1.7,3.2,0.3,3.2,2.4,5.2,3.1,4.1,0.4,1.6,4.3,2.7,1.2,7.1,3.4,3.9,2.7,4.2,3.8,3.8,0.3
406,Q,TOTAL,RCH_Q,CH,,,,,,,,,,,,,,,,,,,,,,,,,,,,,,,,,,,,,,,,,,,,,,,,,,1.3,1.9,-0.2,-0.1,1.6,0.6,1.5,1.0,0.5,0.1,1.8,-0.8,1.4,0.2,2.3,-0.1,2.2,2.4,2.6,-0.4,2.7,1.2,1.2,-1.2,1.2,0.2,1.1,-1.0,1.1,0.5,1.8,0.7,1.9,0.8,0.5
407,Q,TOTAL,RCH_Q,CY,,2.1,3.6,1.9,2.4,3.3,3.9,3.2,2.0,2.8,3.6,0.9,3.6,0.6,-1.3,-3.7,-1.3,-1.0,-1.6,-2.4,-1.6,-1.4,-0.4,-0.3,-0.4,2.2,-2.4,-3.3,-1.1,-0.4,3.9,-1.7,-3.4,0.2,-1.6,-2.2,-2.7,5.6,-0.8,-1.1,-4.0,3.1,1.9,-3.0,-3.1,0.3,5.4,2.7,-4.4,6.3,0.2,-1.3,-2.5,-2.0,4.7,-0.5,5.4,5.2,-4.3,-0.8,5.1,2.8,-2.8,3.9,-8.4,5.4,3.9,-3.6,1.2,2.2,8.9,-5.2,6.1,0.4,3.3,1.1,4.0,-0.1,2.4,-1.7,4.2,-1.8,3.7,0.0
408,Q,TOTAL,RCH_Q,CZ,,,,,,,,,,,,,,4.1,1.5,-0.6,-2.2,-3.2,-0.8,-0.7,0.0,0.2,-0.3,0.1,0.2,0.5,-0.6,-0.9,-0.5,0.1,-0.2,-0.1,-0.1,0.5,-0.1,-0.2,1.3,0.8,0.8,0.7,1.0,1.1,1.2,1.1,1.3,2.0,2.5,4.7,3.0,2.5,1.8,0.9,2.2,3.0,2.5,1.9,2.1,2.5,2.0,2.1,1.8,1.7,2.6,2.6,5.9,5.2,6.9,5.7,4.7,3.4,1.0,-2.2,-1.3,-0.4,0.3,0.3,0.9,2.6,2.2,2.4,2.3,3.1,2.5,2.0
409,Q,TOTAL,RCH_Q,DE,,-1.8,2.1,-2.8,1.5,0.4,-1.4,0.9,-3.6,2.1,-0.1,0.0,1.5,0.4,-1.8,0.2,0.0,1.6,-0.2,1.6,-1.4,1.6,0.0,-0.6,2.7,1.2,-0.5,0.7,0.8,1.2,1.5,1.3,-0.3,2.0,-0.2,0.1,0.9,2.0,0.5,0.0,1.7,2.1,0.5,1.4,2.1,2.9,1.8,1.5,0.5,2.0,1.7,2.0,0.9,1.9,2.1,1.2,0.0,2.6,1.4,2.4,0.8,1.8,3.0,2.9,1.4,3.8,4.2,2.7,1.0,2.0,-0.7,-4.7,-3.0,-1.4,-1.5,-1.9,-0.4,1.4,0.8,0.1,1.1,1.0,0.8,0.1
410,Q,TOTAL,RCH_Q,DK,,5.2,7.7,6.6,7.1,6.1,2.0,-1.0,0.4,1.3,0.2,-1.9,-1.3,0.3,-2.6,-7.8,-6.3,1.2,0.8,-0.4,0.6,2.1,0.8,-1.0,-1.0,2.3,-3.3,-3.6,0.0,1.5,0.3,-0.5,1.3,3.6,0.1,-1.4,1.4,3.8,-0.5,-0.4,0.7,6.0,2.4,0.2,-3.3,5.0,3.3,-0.5,-1.7,4.2,2.3,-0.6,0.0,3.8,0.2,-1.2,0.1,2.3,1.1,-1.0,0.7,2.1,2.4,1.9,2.4,5.6,2.6,0.2,1.0,1.8,0.3,-2.4,-4.2,0.4,1.8,1.6,-2.6,3.1,3.1,0.2,2.2,1.7,2.1,1.4
411,Q,TOTAL,RCH_Q,EA,,1.5,2.5,0.7,1.9,2.1,1.4,1.2,0.1,1.8,1.0,0.2,0.5,0.3,-0.5,-1.6,-1.3,-0.2,-0.1,0.4,-0.4,1.2,0.5,-0.1,0.4,0.8,-0.3,-1.0,-0.9,-0.3,-0.3,-0.5,-1.6,0.4,0.1,-0.5,-0.2,0.9,0.4,-0.5,0.0,1.5,0.9,0.2,0.9,1.7,1.5,0.5,0.7,1.5,1.6,0.8,0.9,1.6,1.5,0.6,0.4,1.8,1.4,0.8,1.1,1.6,1.4,1.4,1.4,2.8,3.2,1.9,1.8,2.2,0.9,-1.8,-0.9,0.2,0.2,-0.8,0.1,1.8,1.6,0.6,1.2,1.7,1.5,0.6
412,Q,TOTAL,RCH_Q,EA19,,1.5,2.6,0.9,2.0,2.2,1.5,1.4,0.3,1.9,1.2,0.3,0.6,0.4,-0.6,-1.7,-1.5,-0.3,-0.1,0.4,-0.4,1.2,0.5,-0.1,0.4,0.8,-0.3,-1.0,-0.9,-0.3,-0.3,-0.5,-1.6,0.4,0.1,-0.5,-0.2,0.9,0.4,-0.5,0.0,1.5,0.9,0.2,0.9,1.7,1.5,0.5,0.7,1.5,1.6,0.8,0.9,1.6,1.5,0.6,0.4,1.8,1.4,0.8,1.1,1.6,1.4,1.4,1.4,2.8,3.2,1.9,1.8,2.2,0.9,-1.8,-0.9,0.2,0.2,-0.8,0.1,1.8,1.6,0.6,1.2,1.7,1.5,0.6
413,Q,TOTAL,RCH_Q,EA20,,1.5,2.6,0.9,2.0,2.1,1.6,1.4,0.3,1.9,1.2,0.3,0.6,0.4,-0.6,-1.7,-1.5,-0.3,-0.1,0.4,-0.4,1.2,0.5,-0.1,0.4,0.8,-0.3,-1.0,-0.9,-0.3,-0.3,-0.5,-1.6,0.4,0.1,-0.5,-0.2,0.9,0.4,-0.6,0.0,1.5,0.9,0.2,0.9,1.7,1.5,0.5,0.6,1.6,1.6,0.8,0.9,1.6,1.6,0.6,0.4,1.8,1.4,0.9,1.1,1.6,1.3,1.4,1.4,2.8,3.2,1.9,1.8,2.2,0.9,-1.7,-0.9,0.2,0.2,-0.8,0.1,1.8,1.6,0.6,1.2,1.7,1.5,0.6
414,Q,TOTAL,RCH_Q,EA21,,1.6,2.6,0.9,2.1,2.1,1.6,1.4,0.4,1.9,1.2,0.4,0.6,0.4,-0.5,-1.8,-1.6,-0.4,-0.1,0.4,-0.4,1.1,0.5,-0.1,0.4,0.8,-0.3,-1.0,-0.9,-0.3,-0.3,-0.5,-1.6,0.4,0.1,-0.5,-0.2,0.9,0.4,-0.5,0.0,1.5,0.9,0.2,0.9,1.7,1.5,0.5,0.7,1.6,1.6,0.8,0.9,1.6,1.5,0.6,0.4,1.8,1.4,0.9,1.1,1.6,1.4,1.4,1.4,2.7,3.2,1.9,1.8,2.3,0.9,-1.7,-0.9,0.2,0.2,-0.7,0.2,1.9,1.6,0.6,1.3,1.7,1.5,0.6
415,Q,TOTAL,RCH_Q,EE,,12.8,5.6,13.1,13.0,10.1,7.0,10.5,3.3,6.4,-2.9,-1.4,-3.1,-3.0,-0.1,-14.4,-21.5,-7.0,-7.4,-1.7,11.7,0.9,3.8,-3.5,5.5,2.9,1.9,1.0,1.3,3.3,2.6,-1.4,3.1,3.7,5.4,2.6,4.8,1.1,4.1,-0.2,2.9,3.3,-1.9,0.8,-0.1,3.1,3.4,1.1,-0.1,0.3,3.4,1.3,1.5,1.1,0.2,2.8,1.7,0.9,2.5,2.9,4.8,-5.8,2.3,3.8,6.6,2.6,3.4,6.6,7.1,8.0,0.8,0.2,0.0,3.8,-0.3,2.1,2.0,2.8,-0.5,-0.7,3.0,3.6,-0.8,-0.3
416,Q,TOTAL,RCH_Q,ES,,,,,3.7,4.3,3.3,2.6,2.4,2.9,1.1,-0.7,-0.4,-0.3,-1.6,-3.1,-2.7,-0.4,-0.9,-0.4,-1.3,1.6,-1.7,-0.1,-3.4,-1.2,-3.6,-5.2,-5.0,-3.2,-3.7,-1.4,-5.1,-0.8,0.8,-1.3,-0.3,1.7,0.2,0.2,-0.5,4.1,0.7,0.0,1.4,1.8,0.8,0.4,2.3,2.0,1.8,0.9,1.4,2.6,2.2,0.4,1.6,1.1,1.6,-0.6,1.2,0.0,1.2,-0.8,0.4,2.4,2.1,1.2,2.6,1.9,1.7,-0.8,0.7,2.1,2.5,-1.0,2.7,3.6,2.8,1.8,3.6,4.0,2.9,1.8
417,Q,TOTAL,RCH_Q,EU,,1.7,2.5,1.1,2.0,2.7,2.8,2.4,1.8,2.6,1.7,0.0,0.0,0.4,-1.1,-2.5,-2.3,-0.2,0.5,0.4,-0.3,1.2,0.5,-0.4,0.0,0.7,-0.3,-1.2,-0.7,0.0,-0.2,-0.5,-1.2,0.6,0.4,-0.3,0.2,1.4,0.8,-0.2,0.2,1.7,1.3,0.4,0.9,1.8,1.6,0.6,0.7,1.8,1.6,0.6,0.8,1.7,1.6,0.6,0.4,1.7,1.5,0.8,1.4,1.5,1.4,1.4,1.8,2.9,3.1,2.1,2.1,2.3,0.9,-1.4,-0.8,0.4,0.7,-0.2,0.6,1.9,1.6,0.7,1.4,1.6,1.6,0.8
418,Q,TOTAL,RCH_Q,EU27_2020,,1.5,2.5,1.3,3.0,2.5,2.8,2.5,1.9,2.4,1.5,0.0,0.4,0.5,-0.6,-1.9,-1.9,-0.5,-0.1,0.2,-0.5,1.1,0.4,-0.1,0.2,0.7,-0.5,-1.1,-0.7,-0.3,-0.4,-0.5,-1.3,0.4,0.0,-0.4,0.0,1.0,0.4,-0.3,0.3,1.6,1.0,0.3,0.9,1.7,1.6,0.7,0.7,1.8,1.5,0.7,1.0,1.7,1.5,0.8,0.7,1.9,1.5,0.9,1.4,1.5,1.4,1.4,1.8,2.9,3.1,2.1,2.1,2.3,0.9,-1.4,-0.8,0.4,0.6,-0.2,0.6,1.9,1.6,0.7,1.4,1.6,1.6,0.8
419,Q,TOTAL,RCH_Q,EU28,,1.7,2.5,1.2,2.6,2.7,2.8,2.4,1.8,2.6,1.6,0.0,0.0,0.4,-1.1,-2.5,-2.3,-0.2,0.4,0.4,-0.3,1.2,0.5,-0.4,0.0,0.7,-0.3,-1.1,-0.7,0.0,-0.2,-0.6,-1.2,0.6,0.4,-0.3,0.2,1.4,0.8,-0.2,0.2,1.7,1.3,0.4,0.9,1.8,1.6,0.6,0.7,1.8,1.6,0.6,0.8,1.7,1.6,0.6,0.4,1.7,1.5,0.8,,,,,,,,,,,,,,,,,,,,,,,,
420,Q,TOTAL,RCH_Q,FI,,2.9,1.6,2.2,1.2,2.3,0.7,1.5,2.2,1.7,0.3,0.2,1.0,0.9,-1.3,-3.8,2.4,1.6,1.5,2.1,2.3,0.9,1.1,0.0,1.3,1.8,-0.2,-0.6,1.7,1.1,-0.1,0.3,0.6,0.4,-0.1,-0.6,0.1,0.4,-0.4,-0.6,0.1,0.9,-0.1,-0.5,0.7,1.1,0.3,-0.8,0.6,1.5,-0.7,-0.4,0.6,1.2,-0.5,-0.3,-0.1,1.5,-0.6,-0.7,1.0,1.0,0.4,1.1,1.5,2.4,-0.2,0.2,0.7,1.4,-1.1,-3.3,-2.5,0.8,-2.9,-1.0,-1.0,0.3,-0.4,-0.8,-1.0,0.9,-2.5,-0.5
421,Q,TOTAL,RCH_Q,FR,,4.2,4.7,1.9,2.2,3.1,3.1,0.8,0.8,1.8,2.2,0.6,-0.6,0.4,0.2,-3.3,-3.7,-1.4,1.6,0.3,0.7,2.0,2.7,1.2,0.7,1.9,2.0,-0.9,-1.3,0.1,0.6,-1.4,-1.2,-0.1,0.9,-1.1,-1.2,0.2,0.7,-2.0,-0.9,0.2,1.4,-0.8,-0.4,0.5,2.1,-0.5,0.7,1.0,2.0,-0.4,0.3,0.9,2.1,-0.1,0.0,1.2,2.3,0.3,1.0,1.4,2.0,1.2,0.7,1.6,3.3,1.1,0.8,1.7,2.7,-0.6,-0.9,-0.5,0.4,-2.7,-2.2,-0.2,1.6,-1.1,0.2,0.0,1.5,-0.7
422,Q,TOTAL,RCH_Q,HR,,,,,,,,,,,,,,0.7,1.9,-2.6,-0.4,-3.3,-1.8,-1.8,-1.9,-1.4,-0.9,0.3,-0.9,1.6,0.7,0.6,-0.6,-1.3,-0.7,-3.4,-0.1,-0.6,0.3,-1.3,-0.7,0.9,-0.8,-0.8,-1.1,-1.9,0.7,0.1,1.3,-0.9,1.0,-0.6,0.1,3.7,0.6,3.2,0.9,-0.2,2.8,1.1,3.5,2.6,0.6,2.9,2.7,1.8,-0.6,2.5,0.9,3.6,1.7,2.5,5.0,3.7,2.8,4.7,2.0,3.5,0.3,3.4,1.7,4.3,2.4,1.4,4.5,4.4,2.9,3.4
423,Q,TOTAL,RCH_Q,HU,,,,,,,,,,2.4,4.0,0.8,-1.5,1.3,0.4,-2.0,-0.6,-3.0,-1.7,-2.8,2.5,-0.5,-0.5,-1.9,-0.3,-0.8,-1.3,-0.5,1.0,-3.4,-0.8,-2.0,0.3,0.2,0.1,-1.3,1.9,2.1,1.9,2.3,2.6,5.4,4.4,1.5,4.5,2.4,2.9,1.5,4.5,2.7,3.0,2.1,5.1,2.8,4.2,2.6,8.3,3.3,1.6,-0.8,4.0,-2.1,3.8,-1.4,9.4,4.3,3.7,3.7,9.8,5.7,3.0,-1.7,4.0,1.0,0.4,1.7,8.6,1.8,1.1,4.0,9.4,-0.9,7.4,4.2
424,Q,TOTAL,RCH_Q,IE,,2.1,3.9,4.4,1.8,4.0,6.0,2.2,1.7,0.4,-0.1,-0.6,-2.1,-2.7,-2.7,-5.1,-7.0,-6.9,-4.2,-2.3,-3.5,-3.4,-2.9,-4.4,-4.5,-5.2,-5.9,-5.6,-4.5,-2.3,1.2,0.8,-2.8,0.0,5.6,2.9,1.6,5.6,8.1,3.2,-0.2,2.3,3.2,1.5,0.4,1.1,4.3,2.5,1.2,2.2,5.5,2.4,1.7,2.4,2.2,0.7,-0.9,0.5,1.4,-0.2,-0.8,-0.1,0.3,1.3,1.5,2.4,5.1,4.2,2.6,1.8,2.8,1.2,-0.7,-0.5,1.5,2.9,2.3,1.5,2.9,2.4,1.0,1.3,2.6,2.0
425,Q,TOTAL,RCH_Q,IS,,10.6,6.9,4.2,3.5,3.6,1.6,0.0,0.5,4.8,4.7,3.5,1.2,-0.4,-0.5,-2.2,-3.9,-4.9,-2.2,2.3,-3.0,0.4,0.2,1.0,-0.4,3.2,2.1,2.0,1.1,2.1,1.3,0.1,0.7,2.7,2.5,1.7,2.3,2.4,1.0,1.7,2.9,2.2,1.1,2.2,2.1,1.6,3.9,5.4,4.6,6.6,4.3,1.0,1.4,1.2,2.1,1.2,0.6,0.7,0.7,2.4,0.9,2.1,1.8,2.2,2.2,5.3,3.4,4.0,4.2,7.7,6.3,1.4,-0.3,2.5,-0.9,2.5,1.6,2.9,3.8,0.7,0.2,1.6,1.0,0.5
426,Q,TOTAL,RCH_Q,IT,,,,,,,,,,,,,,,,,,,,,,0.9,0.8,0.1,-0.5,2.0,-0.3,-0.7,-0.4,-0.8,-1.9,-2.0,-2.7,-0.3,-1.5,-1.4,-1.3,-0.9,-1.1,-1.5,-2.2,0.1,0.9,-0.9,0.0,0.7,0.2,-0.7,-0.9,0.5,-0.4,-0.4,-0.2,0.6,-0.8,-0.1,-0.6,1.4,-0.3,-0.3,0.9,3.0,-2.5,0.2,1.1,1.7,1.1,0.1,1.6,2.3,-1.1,-0.1,0.0,1.9,-0.1,0.0,-0.2,3.2,0.7,0.6,-0.2,2.7,0.5,0.9
427,Q,TOTAL,RCH_Q,LT,,,,,,0.9,10.1,11.0,4.2,4.1,6.5,1.8,3.4,3.5,-1.8,-7.2,-20.1,-5.3,-4.6,-4.6,-2.0,2.2,-0.7,1.9,4.3,0.8,-0.2,0.7,-0.4,-1.0,1.0,-0.8,0.7,1.5,-1.8,2.6,1.5,4.1,1.6,-1.9,0.8,3.1,1.6,-2.1,0.8,3.1,3.4,1.8,1.5,3.1,1.9,0.2,2.4,2.7,1.1,1.0,2.9,1.5,1.0,1.1,2.6,2.2,0.4,3.9,5.0,3.4,5.4,4.7,4.4,5.9,3.0,1.9,1.8,2.4,2.4,1.5,3.3,2.8,1.0,2.4,2.4,2.8,2.9,2.4
428,Q,TOTAL,RCH_Q,LU,,,,,,,,,,0.7,4.1,-0.5,-0.4,2.9,-0.4,0.2,-2.4,0.6,-0.9,2.3,3.9,-1.4,1.5,1.3,-0.4,2.4,0.0,3.4,-1.2,2.0,0.3,2.9,0.2,1.2,1.3,1.5,-1.5,3.7,1.3,1.5,0.4,2.1,1.4,-0.2,1.6,2.7,1.5,1.8,0.8,2.2,0.1,1.1,2.9,0.9,2.4,2.6,0.9,5.1,2.3,2.1,4.0,4.3,2.8,4.6,4.4,0.9,2.7,3.6,2.7,2.2,2.1,-1.5,-4.3,-2.2,-6.6,-2.2,-0.7,0.9,0.0,1.1,-1.0,4.4,-3.5,0.4
429,Q,TOTAL,RCH_Q,LV,,,,,,10.3,10.4,8.8,12.9,3.0,7.9,-1.8,7.0,-1.8,-6.7,-16.1,-18.0,-10.0,-1.6,-2.6,-8.0,0.4,2.6,3.0,4.5,1.8,3.2,-3.6,1.3,1.2,2.5,0.9,0.1,4.1,1.2,2.6,2.3,1.5,3.9,-11.4,0.1,3.5,0.3,2.5,0.6,5.8,0.5,0.8,2.0,5.7,0.2,0.0,5.3,3.1,-1.2,3.6,0.8,4.6,3.1,0.1,0.7,-2.4,3.4,0.6,1.4,6.4,3.6,3.9,2.5,5.4,1.2,-0.6,-0.1,4.9,-1.1,-2.7,2.7,2.0,3.4,-0.8,0.9,3.0,4.8,1.9
430,Q,TOTAL,RCH_Q,MT,,-0.3,8.3,-2.8,4.9,11.2,3.2,7.4,5.2,4.8,1.7,1.0,8.4,-4.1,6.5,-1.3,-3.6,-2.1,1.2,-3.3,4.1,-0.4,3.2,-7.0,1.4,2.4,0.3,-2.5,2.0,-1.1,7.3,-2.0,-2.9,-1.4,4.7,-1.6,0.0,-0.1,2.0,3.5,-2.7,0.8,6.9,3.1,-5.3,2.5,4.7,3.3,-5.0,3.1,3.8,3.2,-4.6,3.8,3.3,3.8,-4.2,3.6,3.0,3.5,-4.4,2.0,1.8,2.5,-1.6,2.8,2.3,1.1,0.5,3.5,1.1,0.7,1.8,1.6,1.5,1.6,1.9,1.7,1.5,1.1,1.4,1.5,1.9,1.3
431,Q,TOTAL,RCH_Q,NL,,1.0,1.5,0.4,1.1,1.3,1.2,0.9,1.3,0.9,1.9,1.0,0.1,0.2,1.3,-2.1,-1.0,-2.9,-0.9,0.0,-0.4,-0.1,0.1,-0.6,0.1,-1.4,-0.4,-1.9,-1.8,-1.7,-3.9,0.4,-2.7,-2.1,0.7,-0.3,0.4,0.6,0.6,0.4,1.0,0.9,1.8,0.5,1.0,1.5,2.5,1.4,2.0,1.7,2.8,2.2,2.2,1.9,3.1,1.4,1.7,1.4,1.8,1.5,2.0,2.4,2.4,1.6,3.6,4.4,5.6,3.7,4.0,3.1,0.7,-2.1,-1.5,-1.2,1.1,1.7,2.0,2.6,3.7,2.1,1.9,1.5,2.0,0.6
432,Q,TOTAL,RCH_Q,NO,,2.8,0.9,0.1,6.2,4.9,3.3,1.2,6.3,3.7,-0.1,-2.2,2.4,1.2,-3.4,-7.0,4.2,5.3,1.8,0.0,3.4,3.7,-0.5,-0.1,5.1,2.5,0.4,0.7,2.4,3.2,0.5,0.5,2.8,1.1,-0.5,-2.2,1.3,3.7,0.7,0.0,3.6,2.4,0.3,-0.8,2.7,4.2,2.5,1.6,2.9,0.6,-2.8,-0.1,1.2,2.2,0.2,-0.1,2.0,2.6,-1.0,-0.5,1.8,2.7,2.1,0.3,4.4,3.2,0.7,-0.7,4.4,2.1,0.2,-3.6,3.1,2.3,-2.2,-1.1,2.8,3.5,-0.4,-1.1,4.8,2.1,-0.5,-0.6
433,Q,TOTAL,RCH_Q,PL,,,,,,,,,,,,,,,,,,,,,,1.2,0.1,-0.1,-0.1,0.7,-1.1,-0.5,-1.4,-0.7,-1.4,-1.1,-2.6,-0.2,-0.1,0.1,-0.3,2.2,-0.6,0.2,0.2,1.4,0.2,-0.7,0.1,0.8,1.9,1.1,-0.5,2.0,1.0,1.3,1.5,2.3,1.3,2.4,1.9,2.3,2.1,2.8,3.6,2.0,2.0,1.0,2.0,3.1,2.6,3.9,3.3,2.0,2.4,1.4,-0.1,3.2,4.5,4.8,4.3,2.9,1.6,1.2,0.7,1.2,0.9,1.5
434,Q,TOTAL,RCH_Q,PT,,,,,,,,,,,,,,0.3,-2.8,-1.7,0.9,0.9,0.0,0.4,0.6,0.4,-0.8,-1.0,-0.7,-2.2,-1.6,-3.2,-1.4,-2.3,-1.0,0.7,-2.0,-0.2,0.5,2.3,1.3,1.6,-0.4,-0.3,0.0,3.7,0.1,1.2,1.8,3.1,1.3,1.2,2.1,3.2,3.5,1.2,3.7,2.3,1.0,2.0,3.6,2.6,2.1,1.7,3.8,1.8,-0.5,2.7,2.5,2.9,2.9,2.7,3.8,3.1,2.9,1.1,1.3,3.1,1.8,1.3,0.6,3.9,3.7,3.0,4.8,4.7,4.1,4.0
435,Q,TOTAL,RCH_Q,RO,,,,,,,,,,,,,,,,,,-4.3,-0.4,3.5,-5.3,-1.6,-3.7,-2.3,-4.0,-1.8,-5.4,-3.5,3.0,-0.6,-3.7,0.3,3.4,-0.6,-2.4,-0.5,0.8,-1.5,-0.9,1.7,3.5,-1.2,-0.9,1.5,3.3,2.8,-0.7,1.7,1.2,4.9,-1.6,1.2,2.1,3.1,-0.7,0.8,0.1,1.6,1.5,1.6,3.3,0.1,-2.6,1.3,2.7,1.6,0.1,2.8,1.7,3.7,-1.2,2.5,-0.4,-0.8,3.4,1.5,1.3,0.5,0.5,1.6,2.1,0.4,2.3,1.7
436,Q,TOTAL,RCH_Q,SE,,3.3,3.9,2.6,3.5,2.9,2.7,0.6,3.8,6.1,3.6,-2.9,0.3,1.9,-0.7,-5.1,2.8,2.9,2.7,2.7,1.5,1.2,1.5,1.6,0.9,0.0,-0.2,-2.0,1.2,1.5,1.2,0.0,1.5,1.8,1.8,1.5,2.9,2.2,3.3,1.6,4.2,3.3,3.8,2.1,1.3,1.2,2.3,1.6,2.7,1.7,1.4,-2.9,-0.8,0.7,1.0,-0.2,0.0,1.3,1.7,0.2,1.2,0.1,2.2,1.7,3.1,3.5,2.6,1.3,2.6,0.5,-3.1,-3.6,-0.6,0.4,-0.4,-2.3,0.7,1.3,0.6,-0.4,0.6,-0.2,0.3,0.4
437,Q,TOTAL,RCH_Q,SI,,,,,,,,,,2.1,3.4,4.5,1.4,-0.2,1.9,-3.2,-6.2,-2.0,-1.7,1.8,0.4,0.6,-1.3,0.2,4.7,-0.3,-2.4,-0.5,-4.1,1.2,-2.6,-3.5,0.7,0.8,-5.7,-0.1,-1.7,-2.6,-1.1,0.9,1.4,2.3,-3.5,0.0,2.2,1.9,0.8,1.8,2.0,3.4,0.8,3.4,1.8,1.6,2.3,2.3,1.1,1.5,1.9,0.2,1.0,1.9,0.1,2.0,3.0,4.6,2.6,4.6,4.2,3.3,2.3,1.4,1.8,1.9,0.5,2.6,2.2,1.5,1.6,2.1,-2.0,3.8,-1.1,5.1
438,Q,TOTAL,RCH_Q,SK,,,,,,4.0,2.6,5.7,8.0,7.1,8.5,7.7,6.6,3.3,-4.7,-3.8,-6.4,-4.6,4.7,-4.9,-0.3,-0.6,-0.7,0.1,0.2,-1.5,0.5,-1.5,-0.7,-0.9,0.7,-2.0,2.3,0.2,-0.4,-0.1,-0.1,1.6,-0.1,2.0,1.6,1.9,0.1,1.1,1.8,2.8,1.6,1.8,-2.6,5.7,2.3,0.5,2.9,1.2,-0.2,2.8,1.9,3.7,2.7,2.2,3.9,0.5,1.5,1.1,-1.2,3.3,4.7,3.6,2.0,5.5,2.8,-0.8,-0.1,-4.0,0.8,1.9,-1.7,3.0,2.9,3.6,2.1,2.2,4.9,3.1
439,Q,TOTAL,RCH_Q,TR,,,,,,,,,,,,,,,,,,,,,,2.0,1.4,1.8,2.8,2.8,1.0,2.3,3.6,3.2,2.7,1.3,3.3,3.4,2.9,2.2,2.8,3.4,3.8,2.9,4.5,4.5,2.8,3.0,3.3,3.2,2.5,2.2,3.5,3.0,1.0,1.9,2.1,3.2,0.6,0.8,-0.6,1.7,2.8,3.7,6.0,5.8,10.4,6.0,6.1,8.1,9.6,18.7,36.7,47.1,17.5,14.4,22.7,15.8,19.2,10.6,7.0,6.1,6.1,6.7,,,,
440,Q,TOTAL,RCH_Q,UK,,2.9,2.4,0.2,0.6,3.8,3.1,1.9,1.4,3.8,2.8,0.0,-2.6,-0.6,-3.9,-6.6,-5.2,1.3,3.9,2.0,0.4,1.9,1.4,-2.1,-1.9,0.8,1.2,-1.4,-1.1,1.8,1.1,-0.9,-0.6,2.0,2.4,0.6,1.3,3.6,3.2,0.2,-0.3,2.2,3.3,1.2,1.1,2.2,2.0,-0.1,0.2,2.2,2.3,-0.1,-0.1,1.1,2.0,-0.5,-1.2,0.7,1.7,-0.4,0.0,0.1,3.0,,,,,,,,,,,,,,,,,,,,,
